BA,Local date,Time zone,Generation only?,Demand forecast,Demand,Net generation,Total interchange,NG: COL,NG: NG,NG: NUC,NG: OIL,NG: GEO,NG: WAT,NG: PS,NG: SUN,NG: SNB,NG: WND,NG: WNB,NG: BAT,NG: OES,NG: UES,NG: OTH,NG: UNK,AZPS,BANC,BPAT,CEN,CFE,IID,LDWP,NEVP,PACW,SRP,TIDC,WALC,Subregion PGAE,Subregion SDGE,Subregion SCE,Subregion VEA,CO2 Factor: COL,CO2 Factor: NG,CO2 Factor: OIL,CO2 Emissions: COL,CO2 Emissions: NG,CO2 Emissions: OIL,CO2 Emissions: Other,CO2 Emissions Generated,CO2 Emissions Imported,CO2 Emissions Exported,CO2 Emissions Consumed,Positive Generation,Consumed Electricity,CO2 Emissions Intensity for Generated Electricity,CO2 Emissions Intensity for Consumed Electricity
CISO,01Jan2024,Pacific,N,"505,185","516,401","423,986","-69,238",0,"251,816","53,836","1,105",,"48,816",,"65,765",,"7,382",,,,,"-4,732",,"-21,770","13,380","12,469",680,,"-10,010","4,632","-29,228",272,"-35,983",289,"-3,969","236,321","47,323","230,712","2,044",,0.89,2.03,0,"101,349","1,016",710,"103,076","32,067","7,603","127,540","439,551","508,789",0.52,0.55
CISO,02Jan2024,Pacific,N,"557,053","569,197","486,661","-62,774",0,"284,983","53,872","1,104",,"55,284",,"68,918",,"11,923",,,,,"10,572",,"-22,920","18,260","12,111","1,660",,"-10,221","7,312","-29,495",78,"-35,238",-52,"-4,269","260,282","49,928","256,736","2,252",,0.89,2.03,0,"114,701","1,015",808,"116,525","30,894","9,502","137,917","498,363","561,137",0.52,0.54
CISO,03Jan2024,Pacific,N,"562,808","578,665","513,682","-46,860",0,"279,832","53,948","1,104",,"57,270",,"49,737",,"73,722",,,,,"-1,930",,"-21,020","20,727","18,331","2,384",,"-8,796","11,399","-25,527",0,"-39,940",-296,"-4,122","261,789","55,045","259,811","2,022",,0.89,2.03,0,"112,548","1,014",924,"114,487","31,538","12,011","134,014","523,823","570,683",0.48,0.52
CISO,04Jan2024,Pacific,N,"573,171","578,570","506,801","-58,062",0,"262,794","54,128","1,102",,"52,999",,"83,201",,"56,779",,,,,"-4,201",,"-19,558","9,768","6,969","2,630",,"-8,635","11,103","-24,706",195,"-34,323",-24,"-1,481","260,011","51,927","264,366","2,264",,0.89,2.03,0,"106,017","1,014",998,"108,030","28,003","7,047","128,987","526,232","584,294",0.45,0.49
CISO,05Jan2024,Pacific,N,"552,253","573,781","458,636","-95,410",0,"261,911","54,100","1,103",,"50,886",,"65,481",,"26,056",,,,,-896,,"-23,582","2,687","-3,016","2,839",,"-8,570",653,"-25,871",155,"-38,378",-26,"-2,301","253,171","53,448","265,068","2,095",,0.89,2.03,0,"105,610","1,017",805,"107,432","33,582","2,868","138,146","474,512","569,922",0.50,0.53
CISO,06Jan2024,Pacific,N,"522,317","556,118","423,910","-117,886",0,"226,064","54,061","1,103",,"41,601",,"62,332",,"38,065",,,,,687,,"-22,820","-1,408","-14,179","2,168",,"-9,408","-8,246","-26,461",-67,"-34,689",-160,"-2,616","264,384","47,368","242,113","2,255",,0.89,2.03,0,"91,194","1,014",790,"92,998","34,542",997,"126,544","434,856","552,742",0.47,0.50
CISO,07Jan2024,Pacific,N,"507,277","538,558","494,567","-28,238",0,"245,751","54,264","1,103",,"38,874",,"81,969",,"73,630",,,,,"-1,024",,"-15,539","13,356","10,879","2,179",,"-8,813","20,300","-22,362",241,"-25,976",-156,"-2,347","253,844","46,408","235,824","2,479",,0.89,2.03,0,"99,447","1,014","1,023","101,484","23,716","8,939","116,260","515,519","543,757",0.43,0.47
CISO,08Jan2024,Pacific,N,"581,769","606,057","555,530","-43,374",0,"345,331","54,301","1,104",,"45,827",,"89,635",,"20,636",,,,,"-1,299",,"-21,315","7,779","15,502","4,806",,"-6,743","18,302","-27,443",417,"-33,620",-738,-321,"274,078","54,275","275,069","2,634",,0.89,2.03,0,"139,920","1,017",877,"141,813","29,379","11,342","159,851","576,766","620,140",0.54,0.57
CISO,09Jan2024,Pacific,N,"586,757","605,344","528,147","-61,294",0,"317,095","54,273","1,101",,"41,979",,"81,727",,"45,379",,,,,"-13,402",,"-20,098","5,846","-4,694","8,938",,"-6,087","3,372","-19,673",90,"-30,624",-93,"1,729","276,466","54,643","271,547","2,685",,0.89,2.03,0,"128,275","1,013",890,"130,178","26,036","5,807","150,407","551,932","613,226",0.52,0.54
CISO,10Jan2024,Pacific,N,"586,449","609,056","548,350","-51,285",0,"294,163","54,389","1,091",,"45,755",,"73,700",,"78,528",,,,,725,,"-24,262","14,744","10,893","7,813",,"-6,059","8,022","-24,892",357,"-36,741",-97,"-1,063","280,640","55,701","270,024","2,692",,0.89,2.03,0,"118,954","1,004","1,027","120,985","29,845","9,499","141,331","565,088","616,373",0.47,0.51
CISO,11Jan2024,Pacific,N,"572,229","589,478","553,340","-25,580",0,"311,885","54,429","1,078",,"44,848",,"80,122",,"62,470",,,,,"-1,491",,"-22,145","17,563","22,218","7,530",,"-6,013","14,667","-24,311",488,"-35,103",-205,-269,"272,146","51,732","263,001","2,596",,0.89,2.03,0,"126,440",993,983,"128,416","29,226","14,540","143,103","571,295","596,875",0.50,0.53
CISO,12Jan2024,Pacific,N,"573,907","606,165","592,875","-3,794",0,"361,957","54,429","1,103",,"49,480",,"76,715",,"46,805",,,,,"2,391",,"-24,666","29,655","40,013","6,016",,"-6,739","12,405","-24,431",643,"-34,875",-664,"-1,151","280,820","52,655","269,932","2,762",,0.89,2.03,0,"146,407","1,016",942,"148,365","29,509","22,152","155,722","610,650","614,444",0.54,0.56
CISO,13Jan2024,Pacific,N,"536,198","564,695","548,916","-4,524",0,"328,906","54,450","1,099",,"45,409",,"65,033",,"52,878",,,,,"1,143",,"-23,124","29,515","46,709","2,988",,"-7,677","10,165","-27,937",694,"-33,365",-132,"-2,360","264,824","48,640","248,817","2,415",,0.89,2.03,0,"132,634","1,013",896,"134,543","30,336","22,598","142,282","565,410","569,934",0.52,0.55
CISO,14Jan2024,Pacific,N,"497,826","526,998","515,391","1,814",0,"293,797","54,462",940,,"48,248",,"69,929",,"56,901",,,,,"-8,889",,"-20,668","25,204","45,187",-254,,"-7,434","16,706","-25,622",194,"-29,429",-524,"-1,546","239,569","48,839","236,391","2,198",,0.88,2.03,0,"117,887",,920,"119,684","27,572","20,861","126,395","536,394","534,580",0.49,0.52
CISO,15Jan2024,Pacific,N,"546,396","563,136","543,673","-6,803",0,"354,853","54,441",-55,,"53,900",,"61,336",,"14,574",,,,,"4,630",,"-19,669","22,074","40,760","3,754",,"-6,903","12,396","-27,754",-183,"-27,671",-528,"-3,079","256,589","50,004","254,336","2,209",,0.89,2.03,0,"142,976",,772,"143,748","27,413","21,373","149,788","557,570","564,373",0.57,0.59
CISO,16Jan2024,Pacific,N,"568,078","589,561","568,788","-10,728",0,"381,236","54,436",-48,,"54,395",,"68,293",,"10,246",,,,,236,,"-19,358","22,083","37,908","5,746",,"-7,039","13,852","-30,189",-115,"-30,619",-296,"-2,701","272,637","50,802","263,670","2,451",,0.89,2.04,0,"153,637",,773,"154,410","29,184","22,065","161,528","584,339","595,067",0.58,0.60
CISO,17Jan2024,Pacific,N,"559,640","582,176","561,347","-13,787",0,"340,422","54,439",-50,,"52,515",,"58,074",,"63,864",,,,,"-7,921",,"-23,726","18,763","29,942","8,093",,"-6,280","19,300","-21,535",-209,"-35,192",-398,"-2,545","261,005","52,621","266,364","2,185",,0.89,2.03,0,"137,631",,915,"138,547","29,476","19,094","148,928","580,944","594,731",0.53,0.55
CISO,18Jan2024,Pacific,N,"551,586","580,866","535,602",,0,"352,486","54,426",254,,"42,150",,"66,147",,"16,792",,,,,"3,351",,"-26,410","20,431","30,624","7,611",,"-7,202","5,985","-23,463",-130,"-41,160",-505,"-1,653","267,779","49,538","261,299","2,253",,0.89,2.03,0,"142,545",,758,"143,583","31,782","17,610","157,755","552,069","587,941",0.57,0.59
CISO,19Jan2024,Pacific,N,"558,220","582,102","533,448",,0,"376,718","54,391","1,104",,"47,922",,"41,885",,"7,727",,,,,"3,699",,"-19,935","15,008","28,209","7,100",,"-6,274","4,624","-23,982",-153,"-36,679",-698,"-1,763","267,795","50,979","261,358","1,965",,0.89,2.03,0,"151,720","1,016",634,"153,370","29,358","16,135","166,592","544,398","578,941",0.62,0.63
CISO,20Jan2024,Pacific,N,"531,590","549,829","480,595",,0,"328,521","54,373","1,100",,"46,823",,"26,773",,"24,967",,,,,"-1,966",,"-22,922","10,180","23,874","4,846",,"-6,163","6,032","-27,723",218,"-43,148",-466,"-1,785","246,983","51,817","249,292","1,735",,0.89,2.03,0,"132,451","1,015",602,"134,067","33,825","12,924","154,969","487,693","544,750",0.61,0.63
CISO,21Jan2024,Pacific,N,"509,690","535,512","455,710","-62,227",0,"298,927","54,301",766,,"38,372",,"47,102",,"27,048",,,,,"-10,807",,"-24,619","13,790","15,393","4,262",,"-5,649","5,143","-25,227",66,"-42,589",-330,"-2,467","246,726","49,673","237,309","1,802",,0.89,2.04,0,"120,907",,668,"122,290","35,097","10,383","147,004","475,266","537,493",0.57,0.60
CISO,22Jan2024,Pacific,N,"580,940","586,206","503,213","-71,295",0,"350,028","54,289",703,,"52,699",,"17,867",,"25,769",,,,,"1,856",,"-26,138","6,890","12,985","6,746",,"-4,433","7,184","-25,722",-251,"-43,752",-556,"-4,248","262,854","56,803","264,556","1,995",,0.89,2.03,0,"140,938",,617,"142,222","37,023","9,793","169,452","512,797","584,092",0.61,0.64
CISO,23Jan2024,Pacific,N,"556,627","556,620","525,991","-13,687",0,"313,297","54,307","1,100",,"49,734",,"55,415",,"49,741",,,,,"2,393",,"-14,175","10,236","17,537","7,408",,"-4,520","19,175","-21,223",-184,"-26,513",-296,"-1,132","252,603","50,149","252,049","1,822",,0.89,2.03,0,"125,944","1,012",872,"127,828","22,445","13,044","137,229","543,401","557,088",0.52,0.54
CISO,24Jan2024,Pacific,N,"566,259","584,210","532,400","-36,808",0,"353,524","54,295","1,102",,"52,050",,"36,430",,"36,663",,,,,"-1,663",,"-19,134","8,550","17,625","6,201",,"-3,858","7,852","-21,123",-202,"-30,879",-546,"-1,294","264,601","52,419","265,445","1,748",,0.89,2.03,0,"142,102","1,013",718,"143,833","26,688","11,521","159,000","543,350","580,158",0.58,0.60
CISO,25Jan2024,Pacific,N,"547,169","561,877","511,430","-37,137",0,"273,720","54,300","1,102",,"45,163",,"80,862",,"64,627",,,,,"-8,346",,"-17,300","12,365","10,074","4,303",,"-5,697","14,013","-20,723",-326,"-32,156",-218,"-1,472","248,833","51,169","260,323","1,549",,0.89,2.03,0,"109,982","1,016",989,"111,987","24,466","8,584","127,869","534,641","571,778",0.46,0.49
CISO,26Jan2024,Pacific,N,"534,139","558,484","497,053","-57,210",0,"282,435","54,310","1,102",,"51,799",,"87,032",,"24,410",,,,,"-4,032",,"-20,790","11,631","14,327","4,020",,"-6,100","6,391","-24,253",-319,"-39,903",-129,"-2,085","251,610","48,075","257,260","1,540",,0.89,2.03,0,"113,770","1,015",889,"115,674","29,318","8,158","136,833","517,119","574,329",0.49,0.53
CISO,27Jan2024,Pacific,N,"488,188","508,666","428,694","-66,677",0,"233,447","54,283","1,104",,"40,706",,"77,361",,"20,983",,,,,817,,"-16,890","11,341","7,220","2,169",,"-6,671",378,"-26,706",-468,"-34,451",-145,"-2,454","232,298","44,451","230,154","1,762",,0.89,2.03,0,"94,103","1,016",795,"95,914","27,410","4,602","118,722","443,346","510,023",0.48,0.51
CISO,28Jan2024,Pacific,N,"470,191","494,104","385,113","-96,251",0,"205,637","54,139","1,104",,"32,085",,"75,600",,"20,924",,,,,"-4,383",,"-19,186",816,"-4,400","3,423",,"-6,242","-4,036","-26,203",-683,"-36,834",-325,"-2,581","227,160","44,268","221,023","1,650",,0.89,2.03,0,"82,931","1,016",746,"84,693","31,937","2,366","114,264","402,881","499,132",0.46,0.50
CISO,29Jan2024,Pacific,N,"525,849","535,769","437,741","-84,673",0,"233,500","54,270","1,062",,"40,173",,"98,233",,"11,308",,,,,-802,,"-18,223",-140,"-3,674","3,925",,"-6,774","2,137","-25,836",-705,"-33,270",-357,"-1,756","240,167","46,696","247,379","1,531",,0.89,2.03,0,"94,316",978,838,"96,133","30,477","3,660","122,950","454,870","539,543",0.47,0.50
CISO,30Jan2024,Pacific,N,"536,127","540,769","427,085","-98,812",0,"227,890","54,252","1,093",,"46,492",,"92,086",,"6,070",,,,,-790,,"-19,365","-7,556","-9,928","3,525",,"-7,237","6,126","-26,851",-957,"-35,074",-273,"-1,222","240,618","46,332","252,432","1,392",,0.89,2.03,0,"92,047","1,007",817,"93,872","32,315","3,765","122,422","443,652","542,464",0.47,0.50
CISO,31Jan2024,Pacific,N,"552,874","562,735","421,800","-129,194",0,"230,303","54,243","1,099",,"51,058",,"51,744",,"33,059",,,,,296,,"-25,781","-8,929","-9,266","3,857",,"-6,391","-1,045","-31,670",-895,"-45,318",-546,"-3,210","260,437","47,560","252,944","1,792",,0.89,2.03,0,"93,118","1,013",767,"94,898","40,278","1,795","133,382","432,935","562,129",0.48,0.52
CISO,01Feb2024,Pacific,N,"566,929","581,320","447,088","-130,457",0,"261,097","54,238","1,101",,"54,124",,"29,189",,"43,485",,,,,"3,856",,"-29,490","-7,591",-940,"5,606",,"-5,246","-3,278","-27,678",-696,"-55,706",-705,"-4,733","252,086","57,343","269,506","2,384",,0.89,2.03,0,"105,635","1,014",750,"107,399","46,980","2,897","151,483","459,276","589,733",0.52,0.57
CISO,02Feb2024,Pacific,N,"545,743","566,609","464,732","-100,968",0,"197,323","54,240","1,104",,"52,647",,"84,904",,"79,172",,,,,"-4,657",,"-24,781","-4,205",169,"5,160",,"-7,821","-2,217","-23,015",-686,"-40,075",-642,"-2,855","254,809","51,288","258,546","1,969",,0.89,2.03,0,"79,698","1,017","1,094","81,809","34,850","2,581","114,078","485,909","586,877",0.37,0.43
CISO,03Feb2024,Pacific,N,"508,125","535,627","413,584","-117,398",0,"171,262","54,241","1,103",,"52,055",,"78,814",,"60,352",,,,,"-4,242",,"-25,350","-1,903","-8,030","2,097",,"-8,578","-3,534","-25,878",-755,"-41,585",-620,"-3,262","246,163","46,732","240,910","1,819",,0.89,2.03,0,"69,233","1,014",989,"71,236","35,075","1,098","105,213","432,095","549,493",0.36,0.42
CISO,04Feb2024,Pacific,N,"518,125","536,901","406,803","-123,157",0,"195,424","54,264",747,,"54,461",,"55,497",,"46,205",,,,,202,,"-30,581","1,016","2,683",969,,"-9,158","-5,710","-28,568",-563,"-46,667",-650,"-5,928","244,076","44,951","245,254","2,624",,0.89,2.03,0,"78,997",,844,"80,537","42,625","1,937","121,225","417,913","541,070",0.42,0.49
CISO,05Feb2024,Pacific,N,"568,291","577,724","453,190","-107,261",0,"283,999","54,242",508,,"54,903",,"33,447",,"22,279",,,,,"3,808",,"-26,203","3,298","9,245","1,123",,"-6,912","-2,826","-28,622",-478,"-50,710",-706,"-4,470","246,049","56,959","272,087","2,630",,0.89,2.03,0,"114,480",,667,"115,643","42,270","4,710","153,204","459,887","567,148",0.55,0.60
CISO,06Feb2024,Pacific,N,"571,453","589,122","467,497","-108,592",0,"289,941","54,240","1,086",,"57,150",,"35,931",,"32,588",,,,,"-3,438",,"-24,965",-378,"3,701","3,852",,"-6,638","2,157","-30,577",-133,"-50,429",-575,"-4,607","254,895","56,811","274,960","2,454",,0.89,2.03,0,"117,363","1,000",707,"119,070","41,696","4,454","156,313","476,820","585,412",0.55,0.59
CISO,07Feb2024,Pacific,N,"572,972","606,404","518,536","-92,435",0,"256,756","54,192","1,089",,"51,093",,"78,048",,"80,851",,,,,"-3,491",,"-27,237","5,803","2,988","7,264",,"-7,048","3,385","-31,679",0,"-41,300",-501,"-4,110","278,217","53,957","272,115","2,112",,0.90,2.04,0,"104,411","1,007","1,057","106,475","36,465","5,423","137,517","535,520","627,955",0.44,0.48
CISO,08Feb2024,Pacific,N,"566,711","593,374","485,479","-105,063",0,"224,292","54,207","1,018",,"45,469",,"88,090",,"73,459",,,,,"-1,060",,"-25,148","-2,478","-11,457","5,653",,"-7,354","4,647","-30,683",0,"-34,739",-461,"-3,043","270,518","52,812","267,961","2,081",,0.90,2.03,0,"91,101",937,"1,066","93,104","36,040","3,391","125,752","505,432","610,495",0.41,0.45
CISO,09Feb2024,Pacific,N,"557,729","577,126","505,423","-60,677",0,"254,673","54,243","1,076",,"49,937",,"89,773",,"55,659",,,,,62,,"-23,370","10,293","11,775","3,546",,"-7,061","13,183","-27,945",56,"-38,178",-496,"-2,480","257,260","53,130","264,742","2,001",,0.89,2.03,0,"103,086",991,"1,027","105,104","32,528","8,235","129,397","525,687","586,364",0.44,0.49
CISO,10Feb2024,Pacific,N,"495,633","521,780","477,745","-33,838",0,"244,952","54,276","1,071",,"42,395",,"98,736",,"36,459",,,,,-146,,"-14,534","8,105","16,645","1,995",,"-6,322","18,481","-27,402",118,"-27,449",-622,"-2,853","236,635","44,876","238,891","1,379",,0.89,2.03,0,"98,968",986,964,"100,918","25,517","8,830","117,605","499,192","533,030",0.45,0.49
CISO,11Feb2024,Pacific,N,"475,290","515,717","425,028","-76,612",0,"234,965","54,279","1,044",,"31,599",,"98,439",,"15,757",,,,,"-11,056",,"-19,079",305,"7,168","2,230",,"-7,749","8,452","-31,102",8,"-33,663",-608,"-2,574","237,028","44,063","233,430","1,192",,0.89,2.03,0,"95,217",961,812,"96,990","30,409","4,425","122,975","449,479","526,091",0.48,0.52
CISO,12Feb2024,Pacific,N,"533,640","555,208","460,922","-82,250",0,"240,809","54,256","1,049",,"40,420",,"108,175",,"16,554",,,,,-343,,"-20,288",631,-306,"1,542",,"-7,263","11,603","-31,667",-100,"-33,215",-560,"-2,627","250,106","47,808","256,161","1,134",,0.89,2.03,0,"97,072",966,898,"98,937","31,059","4,692","125,304","477,838","560,088",0.46,0.49
CISO,13Feb2024,Pacific,N,"536,986","554,369","485,314","-59,254",0,"253,911","54,252","1,053",,"46,084",,"101,670",,"28,142",,,,,205,,"-21,898","9,979","18,184","1,154",,"-7,283","11,129","-30,892",76,"-35,773",-586,"-3,344","251,074","47,723","253,921","1,651",,0.89,2.03,0,"102,306",969,938,"104,213","30,600","8,652","126,161","501,436","560,690",0.46,0.50
CISO,14Feb2024,Pacific,N,"547,903","564,445","498,652","-62,659",0,"241,753","54,263",893,,"51,310",,"98,553",,"47,212",,,,,"4,672",,"-25,693","11,092","21,958",839,,"-7,295","8,012","-30,204",217,"-36,947",-401,"-4,237","261,073","48,014","253,374","1,985",,0.89,2.03,0,"97,466",822,"1,038","99,325","33,158","8,660","123,823","515,259","577,918",0.42,0.47
CISO,15Feb2024,Pacific,N,"528,595","556,991","508,844","-47,337",0,"245,627","54,257",951,,"53,814",,"98,228",,"61,966",,,,,"-5,999",,"-25,242","13,929","29,847","2,208",,"-7,604","8,834","-28,959",317,"-35,821",-604,"-4,242","251,135","47,412","256,641","1,808",,0.89,2.05,0,"99,262",884,"1,073","101,220","34,142","11,331","124,030","528,611","575,948",0.42,0.47
CISO,16Feb2024,Pacific,N,"527,037","552,130","491,469","-50,693",0,"258,363","54,244","1,084",,"59,239",,"91,977",,"14,427",,,,,"12,139",,"-22,340","13,487","27,716","2,316",,"-8,449","5,103","-31,038",-10,"-32,638",-422,"-4,418","255,312","45,495","249,494","1,833",,0.89,2.04,0,"104,813","1,003",923,"106,740","32,739","11,007","128,471","502,085","552,778",0.47,0.51
CISO,17Feb2024,Pacific,N,"497,060","534,976","472,892","-43,279",0,"251,050","54,223",875,,"64,518",,"83,193",,"18,254",,,,,774,,"-18,313","13,189","28,740","2,554",,"-9,088","7,794","-30,477",-111,"-32,922",-593,"-4,052","247,516","48,350","237,356","1,756",,0.89,2.04,0,"101,484",,892,"103,196","28,179","11,492","119,884","486,394","529,673",0.47,0.50
CISO,18Feb2024,Pacific,N,"470,403","499,198","457,091","-36,565",0,"212,668","54,242","1,077",,"57,278",,"90,841",,"49,572",,,,,"-8,586",,"-19,983","17,487","34,325","2,242",,"-8,975","5,987","-29,532",-64,"-33,500",-655,"-3,897","223,614","43,773","230,164","1,649",,0.89,2.04,0,"85,995",996,"1,011","88,002","27,411","11,309","104,104","479,431","515,996",0.40,0.44
CISO,19Feb2024,Pacific,N,"528,571","545,734","494,919","-52,964",0,"228,680","54,232","1,053",,"67,267",,"82,340",,"57,607",,,,,"3,741",,"-24,104","11,803","26,224","3,307",,"-8,945","7,399","-30,578",-145,"-31,223",-635,"-6,067","239,214","49,068","255,791","1,658",,0.89,2.04,0,"92,417",973,"1,062","94,451","28,923","9,232","114,142","508,816","561,780",0.41,0.45
CISO,20Feb2024,Pacific,N,"551,374","580,574","498,154","-79,473",0,"274,706","54,178",893,,"69,444",,"63,040",,"31,867",,,,,"4,022",,"-29,854","1,236","20,022","5,767",,"-7,841","12,095","-30,406",-159,"-43,122",-766,"-6,445","250,966","54,605","273,362","1,641",,0.89,2.04,0,"111,145",,883,"112,857","35,896","9,409","139,344","507,540","587,013",0.49,0.52
CISO,21Feb2024,Pacific,N,"526,716","554,196","489,817","-58,118",0,"223,581","54,181",989,,"67,503",,"89,235",,"59,374",,,,,"-5,045",,"-24,688","2,960","22,222","3,882",,"-8,719","18,189","-28,497",-122,"-39,130",-694,"-3,521","244,630","48,355","259,335","1,876",,0.89,2.05,0,"90,527",918,"1,084","92,528","30,791","9,271","114,048","509,357","567,475",0.40,0.44
CISO,22Feb2024,Pacific,N,"521,687","538,250","462,644","-66,785",0,"205,783","54,247","1,002",,"67,626",,"108,788",,"26,174",,,,,-983,,"-23,561",498,"13,088","2,752",,"-9,080","17,841","-28,354",-238,"-36,429",-727,"-2,575","240,218","45,495","250,657","1,878",,0.90,2.04,0,"83,645",928,"1,047","85,619","30,013","6,899","108,734","481,825","548,610",0.39,0.44
CISO,23Feb2024,Pacific,N,"517,575","542,255","460,911","-68,308",0,"211,316","54,228",999,,"71,826",,"95,440",,"26,966",,,,,141,,"-19,748",-136,"14,330","2,509",,"-9,167","14,168","-31,106",-147,"-34,243",-643,"-4,125","242,244","47,049","251,132","1,831",,0.89,2.04,0,"85,588",923,"1,010","87,522","29,665","6,820","110,366","477,780","546,088",0.40,0.45
CISO,24Feb2024,Pacific,N,"474,270","492,477","369,919","-114,482",0,"148,784","54,192","1,019",,"68,284",,"78,765",,"17,288",,,,,"1,587",,"-23,695","-6,158","-6,712",792,,"-9,361","-1,899","-25,772",-46,"-37,885",-515,"-3,231","214,896","45,258","230,534","1,787",,0.89,2.04,0,"60,264",942,892,"62,098","31,016","1,967","91,147","384,181","498,663",0.36,0.40
CISO,25Feb2024,Pacific,N,"462,914","478,571","358,649","-111,822",0,"120,267","54,195","1,058",,"71,063",,"81,283",,"29,102",,,,,"1,686",,"-24,971","-3,450","-3,525",840,,"-8,301","-5,403","-25,235",47,"-37,554",-704,"-3,566","210,126","44,986","221,705","1,756",,0.89,2.03,0,"48,678",975,960,"50,613","29,424","2,717","77,321","373,601","485,423",0.30,0.35
CISO,26Feb2024,Pacific,N,"538,148","554,024","396,150","-158,000",0,"137,551","54,164","1,009",,"70,544",,"55,466",,"77,520",,,,,-107,,"-30,113","-14,706","-13,280","2,695",,"-7,200","-11,371","-30,297",-29,"-46,294",-810,"-6,595","242,285","54,262","255,929","1,548",,0.89,2.03,0,"55,816",928,"1,028","57,772","38,509",525,"95,757","408,745","566,745",0.31,0.37
CISO,27Feb2024,Pacific,N,"523,360","535,327","453,825","-78,029",0,"150,825","54,155","1,011",,"75,746",,"100,742",,"70,617",,,,,723,,"-27,025","7,146","18,521","2,199",,"-9,243","3,806","-27,525",0,"-39,529",-983,"-5,396","235,003","48,518","250,042","1,768",,0.89,2.03,0,"61,208",930,"1,227","63,365","30,021","5,372","88,014","474,229","552,258",0.29,0.35
CISO,28Feb2024,Pacific,N,"508,357","529,653","419,035","-98,826",0,"170,609","54,260",985,,"71,468",,"108,014",,"16,716",,,,,"-3,016",,"-20,950","-6,428",526,"3,898",,"-9,244","4,054","-27,686",0,"-37,202","-1,082","-4,712","235,346","45,838","246,597","1,871",,0.89,2.03,0,"68,837",907,"1,022","70,767","28,671","2,902","96,536","440,240","539,066",0.35,0.39
CISO,29Feb2024,Pacific,N,"532,206","558,310","447,132","-105,134",0,"150,159","54,207",966,,"81,947",,"102,807",,"60,625",,,,,"-3,572",,"-24,112","-2,468","3,982","1,177",,"-8,885","-3,683","-27,175",130,"-38,055","-1,028","-5,017","252,679","50,234","253,598","1,802",,0.89,2.03,0,"60,813",890,"1,199","62,902","29,271","2,089","90,084","466,171","571,305",0.30,0.35
CISO,01Mar2024,Pacific,N,"533,383","552,594","459,474","-93,761",0,"161,594","54,171",919,,"75,119",,"91,293",,"75,103",,,,,"1,271",,"-29,495","4,768","15,930",106,,"-8,928","-2,002","-26,897",377,"-40,636","-1,246","-5,738","255,685","45,016","250,202","1,689",,0.90,2.04,0,"65,677",850,"1,202","67,729","30,355","4,153","93,931","478,381","572,142",0.31,0.36
CISO,02Mar2024,Pacific,N,"513,366","526,833","431,504","-101,993",0,"135,512","54,145",664,,"76,699",,"85,677",,"78,936",,,,,-131,,"-30,564","4,662","14,281",910,,"-9,820","-3,614","-29,737",333,"-40,375","-1,321","-6,748","242,200","46,848","236,096","1,695",,0.90,2.03,0,"55,029",,"1,183","56,835","31,075","3,481","84,429","447,006","548,999",0.28,0.34
CISO,03Mar2024,Pacific,N,"487,751","511,091","438,235","-70,651",0,"151,772","54,208",331,,"78,248",,"76,013",,"82,750",,,,,"-5,086",,"-26,268","7,347","24,000",693,,"-9,133","4,915","-29,443",455,"-38,120","-1,323","-3,774","236,051","47,310","225,862","1,871",,0.89,2.03,0,"61,556",,"1,171","63,067","25,627","5,900","82,794","459,759","530,410",0.30,0.34
CISO,04Mar2024,Pacific,N,"521,767","546,321","487,204","-53,516",0,"200,820","54,249",961,,"70,223",,"84,444",,"74,512",,,,,"1,996",,"-22,808","11,323","19,146","4,788",,"-9,416","10,917","-28,395",387,"-36,137",-801,"-2,520","253,021","46,771","244,612","1,913",,0.89,2.03,0,"81,446",884,"1,153","83,482","24,442","8,124","99,800","504,615","558,131",0.36,0.39
CISO,05Mar2024,Pacific,N,"520,453","553,032","520,871","-26,302",0,"243,946","54,265",961,,"72,402",,"100,852",,"60,531",,,,,"-12,085",,"-20,154","19,149","30,988","2,128",,"-8,299","15,550","-26,231",250,"-37,528",-703,"-1,452","256,483","46,291","248,444","1,812",,0.89,2.03,0,"98,914",885,"1,134","100,934","24,108","13,011","112,031","542,974","569,276",0.41,0.43
CISO,06Mar2024,Pacific,N,"537,494","560,023","501,620","-55,431",0,"248,550","54,166",975,,"70,996",,"79,704",,"43,769",,,,,"3,454",,"-23,038","8,441","24,460","3,122",,"-8,532","12,173","-29,048",60,"-39,481",-713,"-2,875","252,712","48,001","257,508","1,800",,0.89,2.03,0,"100,661",898,"1,014","102,573","27,376","10,293","119,657","516,067","571,498",0.44,0.46
CISO,07Mar2024,Pacific,N,"521,789","551,656","526,919","-19,997",0,"222,358","54,272",970,,"72,009",,"89,188",,"91,981",,,,,"-3,860",,"-16,374","9,306","19,008","4,741",,"-8,067","27,518","-22,177",-82,"-31,125",-863,"-1,882","247,762","48,990","253,126","1,780",,0.89,2.03,0,"90,021",893,"1,218","92,133","21,072","10,973","102,232","543,489","563,486",0.37,0.40
CISO,08Mar2024,Pacific,N,"495,687","521,928","477,490","-38,417",0,"218,136","54,344",968,,"67,482",,"108,423",,"30,253",,,,,"-2,113",,"-14,746","3,772","12,356","5,486",,"-8,371","20,682","-24,476",-94,"-31,451",-825,-750,"232,776","44,507","242,783","1,861",,0.89,2.03,0,"88,500",891,"1,056","90,448","21,872","9,006","103,314","496,684","535,101",0.40,0.43
CISO,09Mar2024,Pacific,N,"463,234","488,964","418,790","-54,578",0,"180,502","54,332",950,,"67,308",,"105,055",,"18,264",,,,,"-7,613",,"-12,837","-1,076","6,350","3,204",,"-9,922","16,246","-25,003",-224,"-30,633",-907,224,"222,929","41,283","222,915","1,837",,0.89,2.03,0,"72,925",875,992,"74,791","20,185","5,962","89,015","442,126","496,704",0.37,0.40
CISO,10Mar2024,Pacific,N,"428,085","450,959","370,970","-73,474",0,"138,774","52,093",945,,"66,857",,"88,777",,"26,683",,,,,"-3,158",,"-17,681","-3,167","-1,091","3,991",,"-9,943","12,089","-24,693",-337,"-31,603",-563,-476,"208,812","37,933","202,438","1,771",,0.89,2.03,0,"56,224",870,943,"58,036","21,480","4,196","75,320","387,488","460,962",0.33,0.36
CISO,11Mar2024,Pacific,N,"499,839","525,141","454,144",,0,"163,042","54,376","1,299",,"67,253",,"98,784",,"71,358",,,,,"-1,965",,"-20,986","2,774","5,436","5,037",,"-7,788","13,343","-24,118",-224,"-40,402",-224,"-1,496","237,916","46,278","239,251","1,698",,0.90,2.03,0,"66,239","1,197","1,173","68,608","21,131","4,989","84,750","472,563","541,211",0.32,0.35
CISO,12Mar2024,Pacific,N,"514,731","550,405","457,453","-89,364",0,"141,602","54,384","1,688",,"76,877",,"97,216",,"88,714",,,,,"-3,020",,"-21,106","-1,965","-4,518","5,532",,"-8,264","5,015","-22,747",-247,"-37,736",-211,"-3,117","247,053","48,022","253,577","1,756",,0.89,2.03,0,"57,270","1,556","1,275","60,101","23,854","2,744","81,210","478,218","567,582",0.28,0.32
CISO,13Mar2024,Pacific,N,"500,078","532,909","464,055","-64,803",0,"140,499","54,438","1,608",,"68,079",,"110,908",,"92,272",,,,,"-3,744",,"-17,752",-44,"6,420","5,562",,"-8,008","9,574","-23,335",256,"-35,805",-304,"-1,367","237,640","45,610","247,818","1,842",,0.89,2.03,0,"56,911","1,482","1,305","59,698","22,183","4,504","77,376","484,912","549,715",0.27,0.31
CISO,14Mar2024,Pacific,N,"493,118","521,708","485,240",,0,"166,615","54,463","1,678",,"79,404",,"103,806",,"76,501",,,,,"2,771",,"-16,079","8,089","17,045","5,707",,"-6,532","16,615","-23,842",301,"-31,465",-235,"-1,431","229,901","48,742","241,005","2,060",,0.89,2.03,0,"67,294","1,547","1,278","70,118","19,725","6,691","83,153","504,117","535,944",0.31,0.34
CISO,15Mar2024,Pacific,N,"500,457","519,182","429,905",,0,"181,586","54,378","1,886",,"70,625",,"79,086",,"41,892",,,,,450,,"-20,379","-5,674","-1,495","4,059",,"-7,165","12,382","-25,257",-279,"-36,663",-281,"-2,333","227,990","45,190","244,293","1,705",,0.89,2.03,0,"73,486","1,740",994,"76,220","25,028","3,351","97,897","444,710","527,795",0.38,0.41
CISO,16Mar2024,Pacific,N,"450,632","476,045","396,620",,0,"161,416","54,411","1,856",,"69,201",,"89,940",,"23,498",,,,,"-3,704",,"-12,824",-665,"4,276","1,312",,"-7,794","11,530","-26,979",-237,"-30,508",-33,"-1,276","206,517","40,587","227,145","1,795",,0.89,2.03,0,"65,191","1,711",952,"67,854","21,895","3,559","86,190","413,287","476,485",0.36,0.40
CISO,17Mar2024,Pacific,N,"432,926","462,483","399,337","-51,238",0,"158,655","54,415","1,807",,"71,554",,"99,648",,"22,363",,,,,"-9,107",,"-16,545","5,728","7,386","1,058",,"-8,268","10,415","-22,052",-259,"-27,952",80,-829,"202,574","40,173","217,958","1,785",,0.89,2.03,0,"64,279","1,666","1,005","66,950","18,951","4,170","81,731","424,609","475,847",0.35,0.38
CISO,18Mar2024,Pacific,N,"493,497","525,397","453,085","-61,668",0,"193,678","54,418","1,494",,"72,789",,"109,582",,"20,909",,,,,217,,"-15,803","4,356","5,621","1,854",,"-8,595","8,817","-23,957",-240,"-32,559",38,"-1,200","228,815","46,822","248,045","1,719",,0.89,2.03,0,"78,453","1,376","1,050","80,878","21,102","3,934","98,046","471,036","532,704",0.38,0.41
CISO,19Mar2024,Pacific,N,"501,106","517,936","440,728","-71,691",0,"167,385","54,412",991,,"70,395",,"120,443",,"34,610",,,,,"-7,512",,"-15,344","2,565","-2,040","5,401",,"-9,089","5,054","-24,464",-349,"-33,520",-85,180,"230,025","43,929","242,312","1,674",,0.89,2.02,0,"67,901",910,"1,128","69,939","22,314","4,133","88,120","464,755","536,446",0.33,0.36
CISO,20Mar2024,Pacific,N,"501,303","518,292","434,974","-75,918",0,"130,700","54,409",978,,"64,779",,"119,186",,"68,874",,,,,"-3,949",,"-13,181","2,929","-7,516","3,235",,"-8,495","-1,306","-21,562",-411,"-30,019",-44,452,"231,771","43,430","241,478","1,617",,0.89,2.03,0,"52,916",901,"1,247","55,063","20,423","3,677","71,809","459,238","535,156",0.26,0.30
CISO,21Mar2024,Pacific,N,"491,849","516,149","431,878","-79,156",0,"116,687","54,417","1,405",,"72,560",,"115,517",,"74,003",,,,,"-2,709",,"-15,560","1,313","-2,198","1,977",,"-7,357","-3,838","-22,268",-367,"-31,728",-121,991,"231,933","44,101","238,556","1,562",,0.89,2.03,0,"47,217","1,295","1,270","49,782","22,891","3,700","68,973","451,734","530,890",0.24,0.29
CISO,22Mar2024,Pacific,N,"491,727","527,054","437,224","-87,344",0,"131,812","54,383","1,832",,"77,463",,"119,543",,"55,457",,,,,"-3,272",,"-16,817","-3,983","-2,269","2,506",,"-8,001","-1,362","-25,637",-396,"-29,270",-308,"-1,807","239,952","43,367","242,189","1,548",,0.89,2.03,0,"53,400","1,688","1,230","56,318","23,844","2,707","77,455","456,811","544,155",0.27,0.31
CISO,23Mar2024,Pacific,N,"481,836","496,358","398,056","-94,869",0,"96,399","54,313","1,834",,"78,821",,"84,828",,"83,008",,,,,"-1,145",,"-16,750","-1,550","-4,325","1,870",,"-7,692","-6,386","-25,230",-444,"-32,091",-157,"-2,114","222,641","45,050","227,107","1,556",,0.89,2.03,0,"39,045","1,688","1,205","41,938","24,360","2,338","63,961","414,849","509,718",0.22,0.28
CISO,24Mar2024,Pacific,N,"459,910","475,755","396,271","-79,021",0,"76,783","54,368","1,841",,"77,986",,"93,728",,"97,224",,,,,"-5,659",,"-16,190",606,"-6,658","3,278",,"-9,292","1,966","-21,892",-243,"-28,717",-75,"-1,804","213,483","41,051","219,505","1,722",,0.90,2.03,0,"31,242","1,695","1,271","34,208","20,594","2,474","52,328","412,648","491,669",0.18,0.23
CISO,25Mar2024,Pacific,N,"489,598","518,657","428,497","-82,586",0,"92,057","54,480","1,800",,"74,226",,"111,756",,"91,133",,,,,"3,042",,"-16,865","-4,552","-11,359","4,750",,"-8,100","5,038","-21,000",8,"-29,391",-61,"-1,054","231,016","44,150","241,746","1,744",,0.90,2.03,0,"37,413","1,657","1,341","40,411","20,358","2,749","58,021","446,191","528,777",0.20,0.24
CISO,26Mar2024,Pacific,N,"499,905","518,080","443,665","-67,976",0,"109,247","54,503","1,824",,"71,964",,"119,307",,"89,503",,,,,"-2,687",,"-15,501","-1,696","-9,724","4,751",,"-7,500","5,728","-18,401",9,"-24,809",-3,-830,"230,593","46,176","239,693","1,620",,0.89,2.03,0,"44,186","1,681","1,351","47,218","19,531","3,569","63,181","466,005","533,981",0.22,0.26
CISO,27Mar2024,Pacific,N,"510,418","541,749","431,781","-106,571",0,"131,257","54,490","1,846",,"81,344",,"109,225",,"52,690",,,,,929,,"-17,060","2,297","-6,954","2,963",,"-9,577","-15,517","-24,981",9,"-34,365",-104,"-3,282","252,182","43,213","244,628","1,726",,0.89,2.03,0,"52,964","1,701","1,210","55,874","24,594","1,359","79,109","450,933","557,504",0.27,0.31
CISO,28Mar2024,Pacific,N,"505,470","528,638","439,221","-92,703",0,"140,443","54,429","1,846",,"75,106",,"95,212",,"76,517",,,,,"-4,332",,"-15,928","8,088","2,109","1,360",,"-8,747","-16,947","-25,505",8,"-32,035",-73,"-5,033","239,875","45,603","241,577","1,586",,0.90,2.03,0,"57,078","1,702","1,215","59,995","25,674","2,645","83,024","461,656","554,359",0.29,0.33
CISO,29Mar2024,Pacific,N,"517,397","535,979","462,432","-78,008",0,"162,795","54,465","1,773",,"78,939",,"94,915",,"71,569",,,,,"-2,020",,"-16,618","10,157","4,434",-33,,"-9,414","-5,261","-24,864",7,"-29,671",-82,"-6,663","256,719","41,858","235,789","1,617",,0.90,2.03,0,"66,165","1,634","1,198","68,997","23,131","2,900","89,227","479,354","557,362",0.32,0.35
CISO,30Mar2024,Pacific,N,"486,128","510,638","415,463","-97,618",0,"155,781","54,391","1,556",,"78,853",,"80,026",,"44,997",,,,,-138,,"-22,083","5,512","5,399","1,187",,"-10,014","-11,289","-25,971",0,"-32,173",-54,"-8,132","219,638","50,126","239,234","1,639",,0.89,2.03,0,"62,969","1,434","1,026","65,429","26,808","2,341","89,896","426,867","524,485",0.34,0.38
CISO,31Mar2024,Pacific,N,"457,201","479,045","382,631","-95,046",0,"129,226","54,358","1,695",,"74,373",,"96,067",,"36,353",,,,,"-9,438",,"-24,227","5,333","2,874",-770,,"-9,670","-8,466","-23,182",0,"-32,234",17,"-4,721","204,375","45,242","227,610","1,809",,0.89,2.03,0,"52,401","1,562","1,042","55,005","27,430","2,546","79,890","404,645","499,691",0.30,0.35
CISO,01Apr2024,Pacific,N,"486,723","499,116","425,356","-69,659",0,"147,571","54,397","1,847",,"71,448",,"113,000",,"37,639",,,,,-549,,"-21,365","9,491",-700,534,,"-9,166","1,647","-22,150",6,"-23,655",251,"-4,552","217,534","42,798","237,095","1,690",,0.89,2.03,0,"59,775","1,702","1,115","62,592","23,556","3,604","82,544","442,338","511,997",0.31,0.36
CISO,02Apr2024,Pacific,N,"489,726","513,893","418,717","-84,980",0,"154,915","54,381","1,837",,"69,532",,"114,456",,"25,872",,,,,"-2,272",,"-25,405","6,690","-3,313",827,,"-8,529","-3,032","-26,359",8,"-23,455",74,"-2,486","225,252","44,117","242,894","1,628",,0.90,2.03,0,"62,942","1,694","1,086","65,722","24,514","3,446","86,789","441,993","526,973",0.33,0.36
CISO,03Apr2024,Pacific,N,"494,388","526,686","441,099","-77,020",0,"143,543","54,380","1,809",,"74,529",,"123,622",,"46,203",,,,,"-2,989",,"-26,500","6,497","1,001","2,708",,"-8,531","-1,664","-26,824",,"-21,006",158,"-2,867","233,526","44,051","247,560","1,546",,0.90,2.03,0,"58,292","1,666","1,212","61,170","25,309","4,118","82,361","463,716","540,736",0.29,0.34
CISO,04Apr2024,Pacific,N,"535,871","562,311","483,168","-84,468",0,"177,617","54,387","1,724",,"79,564",,"106,764",,"64,186",,,,,"-1,068",,"-32,968","11,673","7,197","3,188",,"-9,825","-5,415","-27,678",,"-25,904",174,"-4,919","257,597","45,460","257,737","1,520",,0.89,2.03,0,"71,843","1,589","1,228","74,660","26,704","4,239","97,125","502,059","586,527",0.33,0.37
CISO,05Apr2024,Pacific,N,"525,770","554,091","433,558","-120,720",0,"144,005","54,377","1,724",,"73,087",,"96,473",,"67,409",,,,,"-3,513",,"-27,783",-338,"-10,420","1,353",,"-10,027","-9,626","-29,734",10,"-28,813",-176,"-5,166","246,978","46,923","258,314","1,874",,0.90,2.03,0,"58,575","1,588","1,179","61,343","28,381","1,346","88,377","455,542","576,262",0.30,0.34
CISO,06Apr2024,Pacific,N,"456,466","489,816","393,098","-90,134",0,"127,417","48,773","1,781",,"60,112",,"103,583",,"55,321",,,,,"-3,887",,"-21,600","5,081","-2,226",481,,"-9,256","-2,788","-27,842",9,"-29,754",24,"-2,263","224,855","39,960","223,172","1,829",,0.90,2.03,0,"51,858","1,641","1,092","54,591","26,751","3,617","77,726","416,123","506,257",0.29,0.34
CISO,07Apr2024,Pacific,N,"432,120","465,999","386,859","-72,374",0,"142,546","27,456","1,794",,"60,671",,"95,931",,"64,098",,,,,"-5,630",,"-20,935","9,017","2,909","1,085",,"-8,941","2,466","-27,713",9,"-27,925",110,"-2,456","215,160","39,190","209,877","1,774",,0.89,2.03,0,"57,779","1,653","1,017","60,449","23,628","4,138","79,939","411,618","483,992",0.32,0.36
CISO,08Apr2024,Pacific,N,"479,808","511,442","422,858","-85,158",0,"149,356","27,428","1,791",,"69,493",,"116,820",,"58,994",,,,,"-1,019",,"-18,517","1,732","-2,778","2,715",,"-9,307","1,076","-27,445",8,"-30,311",-100,"-2,231","226,631","43,421","239,848","1,546",,0.89,2.03,0,"60,315","1,649","1,108","63,072","25,304","2,725","85,651","442,269","527,427",0.31,0.36
CISO,09Apr2024,Pacific,N,"483,731","516,449","404,727","-109,240",0,"151,864","27,424","1,785",,"70,783",,"124,230",,"29,667",,,,,"-1,032",,"-19,830","-6,702","-13,453","3,404",,"-7,684","-3,277","-28,026",8,"-31,232",-239,"-2,209","226,526","41,827","246,386","1,709",,0.89,2.03,0,"61,489","1,646","1,038","64,173","27,523","2,415","89,280","426,446","535,686",0.33,0.37
CISO,10Apr2024,Pacific,N,"492,402","524,365","463,442","-51,421",0,"195,231","27,418","1,770",,"76,636",,"143,308",,"16,825",,,,,"2,246",,"-17,226","12,736","9,579","3,064",,"-6,718","2,452","-26,243",7,"-26,444",-44,"-2,584","229,866","42,002","250,826","1,670",,0.89,2.03,0,"79,215","1,631","1,082","81,928","24,488","5,440","100,977","481,203","532,624",0.38,0.42
CISO,11Apr2024,Pacific,N,"495,746","533,402","478,650","-47,404",0,"201,898","27,416","1,748",,"76,474",,"155,582",,"18,839",,,,,"-3,308",,"-16,470","15,669","8,292","3,180",,"-5,898",139,"-24,571",7,"-26,462",783,"-2,073","234,959","41,515","255,338","1,591",,0.90,2.03,0,"81,980","1,611","1,110","84,701","25,736","6,801","103,636","495,168","542,572",0.38,0.42
CISO,12Apr2024,Pacific,N,"476,718","534,051","477,684","-54,796",0,"174,624","27,409","1,748",,"67,080",,"151,572",,"57,958",,,,,"-2,707",,"-20,462","14,454","9,615","4,072",,"-5,957","-7,332","-19,900",8,"-26,629",-78,"-2,587","233,370","48,819","250,242","1,623",,0.89,2.03,0,"70,784","1,611","1,216","73,610","26,539","5,342","94,808","495,778","550,574",0.33,0.38
CISO,13Apr2024,Pacific,N,"494,466","515,213","435,574","-79,528",0,"161,288","27,398","1,506",,"73,380",,"106,458",,"70,457",,,,,"-4,908",,"-20,850","8,659","3,394","2,732",,"-7,825","-13,912","-22,932",8,"-25,566",-125,"-3,111","237,485","42,892","233,335","1,501",,0.89,2.03,0,"65,434","1,386","1,112","67,933","25,659","3,047","90,544","455,025","534,553",0.33,0.37
CISO,14Apr2024,Pacific,N,"460,173","491,973","401,601","-92,129",0,"137,620","27,359",396,,"66,890",,"111,545",,"59,034",,,,,"-1,245",,"-19,480","4,911",181,"2,010",,"-7,724","-17,690","-24,611",,"-24,961",-270,"-4,504","223,110","38,283","228,948","1,639",,0.89,2.03,0,"55,537",,"1,067","56,992","25,667","2,022","80,637","418,295","510,424",0.30,0.35
CISO,15Apr2024,Pacific,N,"485,147","515,080","419,015","-93,417",0,"137,123","27,377",-29,,"64,535",,"126,336",,"67,652",,,,,"-3,984",,"-22,301",158,"-9,164","3,430",,"-6,756","-12,323","-21,730",8,"-22,314","1,241","-3,666","230,806","42,334","240,257","1,689",,0.89,2.02,0,"55,580",,"1,162","56,742","24,489","2,378","78,853","442,395","535,812",0.28,0.32
CISO,16Apr2024,Pacific,N,"485,073","519,858","411,945","-102,438",0,"144,877","27,400",0,,"70,975",,"134,208",,"35,210",,,,,-714,,"-23,232","-6,587","-8,944","4,146",,"-6,491","-16,571","-24,740",8,"-24,092","6,725","-2,660","226,915","42,431","248,804","1,706",,0.89,,0,"58,652",0,"1,114","59,766","27,135","2,594","84,307","437,499","539,937",0.30,0.34
CISO,17Apr2024,Pacific,N,"489,826","531,165","465,612","-63,000",0,"169,292","27,367",0,,"79,465",,"136,939",,"57,963",,,,,"-5,411",,"-21,175",-850,"7,141","2,222",,"-5,896","-5,445","-21,202",7,"-22,482","7,388","-2,708","234,441","42,496","252,713","1,516",,0.89,,0,"68,444",0,"1,218","69,663","23,074","3,895","88,841","489,353","552,353",0.31,0.35
CISO,18Apr2024,Pacific,N,"496,663","533,965","476,562","-56,945",0,"173,728","27,345",31,,"82,872",,"130,628",,"64,927",,,,,"-2,966",,"-21,071",744,"6,172",956,,"-5,324","-4,521","-19,935",7,"-18,306","8,858","-4,525","235,731","43,068","253,517","1,649",,0.89,2.03,0,"70,410",29,"1,232","71,670","22,875","4,196","90,348","497,342","554,287",0.32,0.36
CISO,19Apr2024,Pacific,N,"481,558","523,342","496,649","-23,967",0,"152,262","27,339",791,,"73,221",,"147,307",,"94,245",,,,,"1,492",,"-12,316","1,968","4,624","1,914",,"-4,985","9,058","-16,028",6,"-14,035","8,203","-2,376","234,321","42,200","245,302","1,518",,0.89,2.03,0,"61,574",729,"1,380","63,682","17,092","5,033","75,741","515,527","539,494",0.27,0.31
CISO,20Apr2024,Pacific,N,"443,250","479,647","458,934",,0,"122,939","27,364",826,,"75,565",,"153,421",,"79,901",,,,,"-1,085",,"-12,674","2,366","8,037","6,501",,"-4,250","8,398","-16,630",7,"-16,832","7,148",-944,"213,505","40,113","224,276","1,753",,0.89,2.02,0,"49,854",758,"1,349","51,961","19,264","6,613","64,612","478,302","497,175",0.24,0.29
CISO,21Apr2024,Pacific,N,"441,808","478,986","410,279","-59,698",0,"122,052","27,392",824,,"77,372",,"149,003",,"37,283",,,,,"-3,652",,"-10,293","-8,257","-6,369","5,028",,"-5,476","-3,397","-20,846",7,"-16,038","6,641",-698,"212,019","38,705","226,556","1,705",,0.89,2.02,0,"49,414",756,"1,188","51,358","20,416","4,272","67,502","435,134","494,832",0.26,0.30
CISO,22Apr2024,Pacific,N,"497,363","548,661","469,934","-80,676",0,"157,584","27,366",598,,"87,017",,"159,424",,"41,115",,,,,"-3,165",,"-19,798","-8,874","-5,058","4,175",,"-5,806","-4,343","-22,909",6,"-22,891","7,959","-3,137","242,384","48,680","255,624","1,971",,0.90,2.02,0,"64,017",549,"1,263","65,829","24,739","2,722","87,845","489,973","570,649",0.30,0.34
CISO,23Apr2024,Pacific,N,"493,065","538,908","515,583","-29,890",0,"166,259","27,309",474,,"83,065",,"160,699",,"79,462",,,,,"-1,682",,"-15,303","-2,880","11,797","2,613",,"-6,082","7,685","-16,077",7,"-16,805","8,460","-3,305","240,334","45,869","250,792","1,916",,0.89,2.02,0,"67,325",435,"1,396","69,156","18,358","4,956","82,557","533,451","563,341",0.29,0.32
CISO,24Apr2024,Pacific,N,"499,250","538,324","477,027","-64,198",0,"141,920","27,313",865,,"80,070",,"137,376",,"92,882",,,,,"-3,397",,"-11,621","-14,526","-12,452","5,100",,"-5,977","9,018","-17,796",6,"-19,397","6,714","-3,267","247,342","43,570","245,469","1,937",,0.89,2.03,0,"57,299",795,"1,358","59,453","19,301","3,437","75,317","499,589","563,787",0.26,0.29
CISO,25Apr2024,Pacific,N,"505,959","538,753","492,219","-49,473",0,"132,098","27,349",872,,"84,126",,"137,502",,"113,451",,,,,"-3,175",,"-18,177","-6,403","4,567","3,223",,"-7,170","16,164","-19,654",7,"-25,384","7,589","-4,235","238,126","46,195","252,747","1,686",,0.89,2.03,0,"53,622",801,"1,443","55,866","21,428","4,520","72,774","512,129","561,602",0.24,0.29
CISO,26Apr2024,Pacific,N,"497,510","528,828","470,647","-66,848",0,"113,412","27,390",867,,"85,737",,"133,582",,"111,046",,,,,"-1,382",,"-21,156","-9,649",42,"1,484",,"-8,415","12,534","-18,003",5,"-25,034","7,437","-6,093","234,506","45,306","247,663","1,353",,0.89,2.02,0,"46,024",796,"1,423","48,243","22,390","3,259","67,374","488,052","554,900",0.22,0.27
CISO,27Apr2024,Pacific,N,"442,313","477,051","437,509","-34,520",0,"116,354","27,425",848,,"70,601",,"132,471",,"96,922",,,,,"-7,116",,"-14,272",418,"6,945","2,695",,"-6,060","6,683","-14,886",0,"-21,164","8,705","-3,584","212,376","40,700","222,244","1,731",,0.89,2.03,0,"47,204",780,"1,329","49,313","18,427","5,450","62,290","466,420","500,940",0.23,0.27
CISO,28Apr2024,Pacific,N,"423,956","461,244","421,060","-33,627",0,"119,690","27,439",848,,"64,767",,"133,997",,"79,603",,,,,"-5,288",,"-14,131","5,209","8,800","4,641",,"-6,286","2,491","-17,459",0,"-22,415","8,599","-3,076","206,137","37,962","215,421","1,722",,0.89,2.03,0,"48,323",780,"1,247","50,350","20,301","6,077","64,573","448,220","481,847",0.25,0.30
CISO,29Apr2024,Pacific,N,"478,518","520,135","498,595","-19,298",0,"140,360","27,459",843,,"80,818",,"160,726",,"89,118",,,,,-732,,"-12,111","3,599","7,927","5,303",,"-5,664","13,717","-19,885",0,"-18,860","9,964","-3,288","224,540","41,660","252,228","1,711",,0.89,2.02,0,"56,640",773,"1,454","58,868","18,200","6,300","70,767","523,352","542,650",0.25,0.29
CISO,30Apr2024,Pacific,N,"489,763","540,910","534,689","-4,707",0,"173,154","27,477",837,,"80,233",,"164,236",,"90,114",,,,,"-1,362",,"-17,915","8,297","13,961","4,488",,"-5,665","25,901","-21,916",0,"-18,842","10,225","-3,241","234,451","43,742","260,984","1,734",,0.89,2.02,0,"70,188",,"1,475","72,432","18,617","8,695","82,354","561,523","566,230",0.28,0.32
CISO,01May2024,Pacific,N,"497,020","550,401","537,951","-10,092",0,"187,091","27,493",81,,"75,735",,"159,998",,"94,802",,,,,"-7,251",,"-14,547","9,428","12,595","2,439",,"-4,749","18,257","-22,245",0,"-17,738","9,350","-2,882","241,563","43,590","263,258","1,994",,0.89,2.02,0,"75,810",,"1,441","77,372","17,829","7,211","87,990","565,813","575,905",0.30,0.34
CISO,02May2024,Pacific,N,"513,611","555,971","539,212","-11,058",0,"185,603","27,484","1,922",,"82,886",,"167,295",,"76,189",,,,,"-2,168",,"-15,470","8,793","15,948","3,750",,"-5,414","16,206","-23,726",0,"-17,516","9,957","-3,586","243,615","46,576","263,586","2,195",,0.89,2.03,0,"75,033","1,766","1,434","78,234","18,847","8,427","88,654","564,370","575,428",0.31,0.34
CISO,03May2024,Pacific,N,"510,249","553,582","543,639","-6,041",0,"184,416","27,480","1,784",,"80,245",,"165,174",,"85,922",,,,,"-1,369",,"-14,305","8,518","14,006","3,160",,"-5,431","21,019","-21,381",0,"-16,752","9,288","-4,163","243,735","44,527","263,407","1,908",,0.89,2.04,0,"74,544","1,649","1,444","77,637","17,202","7,852","86,987","565,531","571,572",0.30,0.34
CISO,04May2024,Pacific,N,"500,988","528,854","490,776","-43,542",0,"146,811","27,468","2,061",,"94,799",,"123,405",,"96,662",,,,,-422,,"-17,765","2,879","8,829","1,469",,"-6,226","10,999","-23,199",0,"-19,509","5,841","-6,860","239,786","43,961","243,234","1,874",,0.89,2.03,0,"59,337","1,898","1,362","62,597","19,710","4,579","77,728","506,794","550,336",0.27,0.31
CISO,05May2024,Pacific,N,"444,083","464,902","438,130","-25,079",0,"126,239","27,427","1,403",,"77,797",,"117,984",,"97,732",,,,,"-10,451",,"-11,544","4,348","10,756","2,142",,"-6,150","9,229","-21,032",0,"-14,636","7,707","-5,899","207,177","37,875","217,996","1,856",,0.89,2.03,0,"51,047","1,291","1,290","53,628","16,306","5,657","64,277","466,510","491,589",0.25,0.29
CISO,06May2024,Pacific,N,"493,092","512,325","465,546","-50,053",0,"124,376","27,431",954,,"79,877",,"154,088",,"82,203",,,,,"-3,385",,"-20,701","2,674","7,332","2,692",,"-7,147","3,532","-23,697",0,"-17,631","9,048","-6,155","225,266","40,357","244,872","1,833",,0.90,2.02,0,"50,532",876,"1,396","52,804","20,823","4,487","69,140","492,115","542,168",0.24,0.28
CISO,07May2024,Pacific,N,"490,216","527,400","474,216","-56,376",0,"127,632","27,446",938,,"80,767",,"140,823",,"95,942",,,,,676,,"-18,899",-377,"6,601","3,593",,"-5,195",-672,"-25,668",0,"-17,499","7,510","-5,770","229,871","41,779","254,244","1,505",,0.89,2.02,0,"51,677",861,"1,411","53,949","21,513","5,081","70,382","499,428","555,804",0.24,0.28
CISO,08May2024,Pacific,N,"497,115","535,182","493,392","-44,254",0,"162,182","27,435",916,,"84,489",,"150,592",,"69,869",,,,,"-2,085",,"-20,755","4,734","16,533","4,372",,"-6,063","8,816","-31,278",0,"-18,817","6,501","-8,297","235,482","40,844","256,963","1,898",,0.89,2.02,0,"65,598",841,"1,362","67,802","23,311","7,022","84,091","521,076","565,330",0.29,0.33
CISO,09May2024,Pacific,N,"520,230","555,941","537,111","-20,144",0,"215,680","27,417","1,195",,"84,703",,"173,930",,"37,117",,,,,"-2,927",,"-18,902","4,719","21,427","4,974",,"-7,335","13,951","-29,226",0,"-12,492","9,558","-6,818","247,781","43,926","262,278","1,955",,0.89,2.03,0,"87,171","1,098","1,312","89,581","21,924","9,346","102,159","561,562","581,706",0.35,0.39
CISO,10May2024,Pacific,N,"521,166","561,489","531,487","-31,511",0,"221,242","27,400","1,958",,"88,129",,"163,797",,"29,538",,,,,-573,,"-23,049","6,226","23,020","3,720",,"-7,627","9,309","-31,267",0,"-15,309","10,965","-7,499","255,453","42,549","261,679","1,808",,0.89,2.03,0,"89,255","1,803","1,246","92,304","24,613","9,250","107,667","550,631","582,142",0.37,0.41
CISO,11May2024,Pacific,N,"487,679","524,285","506,792","-15,892",0,"177,743","27,351","2,076",,"94,503",,"162,817",,"46,363",,,,,"-4,062",,"-16,980","3,095","16,622","4,211",,"-6,130","15,293","-26,372",0,"-10,830","9,912","-4,713","239,679","39,561","243,379","1,670",,0.89,2.03,0,"71,584","1,913","1,338","74,836","19,727","7,613","86,950","531,496","547,388",0.31,0.35
CISO,12May2024,Pacific,N,"475,929","509,705","480,750","-25,695",0,"134,191","27,394","2,068",,"91,376",,"160,826",,"70,584",,,,,"-5,690",,"-13,721","-2,411","5,734","3,832",,"-4,548","14,029","-24,775",-1,"-9,170","8,309","-2,973","229,048","38,296","240,474","1,890",,0.89,2.03,0,"54,137","1,906","1,415","57,458","18,241","5,093","70,605","508,016","533,711",0.25,0.29
CISO,13May2024,Pacific,N,"527,098","561,902","515,145","-42,161",0,"152,664","27,398","2,050",,"97,022",,"167,947",,"71,380",,,,,"-3,316",,"-14,158","-1,931","-1,186","5,520",,"-4,561","4,243","-24,416",0,"-10,152","8,143","-3,663","252,523","41,621","265,711","2,045",,0.89,2.03,0,"61,609","1,886","1,454","64,949","19,236","3,942","80,242","536,764","578,925",0.27,0.31
CISO,14May2024,Pacific,N,"530,438","573,548","538,356","-33,731",0,"179,816","27,403","2,052",,"90,214",,"164,324",,"78,894",,,,,"-4,347",,"-14,987","3,331","6,160","4,015",,"-4,870","10,891","-29,735",0,"-11,845","8,376","-5,067","260,136","41,731","269,495","2,187",,0.89,2.03,0,"72,599","1,889","1,454","75,942","20,658","5,628","90,972","563,955","597,686",0.30,0.34
CISO,15May2024,Pacific,N,"548,921","592,876","528,767","-64,443",0,"139,231","27,383","2,066",,"104,214",,"159,577",,"97,601",,,,,"-1,299",,"-17,058","7,097","-7,003","4,437",,"-4,897","-5,992","-27,627",0,"-18,496","8,181","-3,085","267,493","50,309","272,818","2,253",,0.89,2.03,0,"56,271","1,899","1,557","59,727","23,680","3,303","80,104","550,339","614,782",0.24,0.29
CISO,16May2024,Pacific,N,"547,615","597,698","515,316","-79,357",0,"135,295","27,369","2,063",,"83,524",,"170,821",,"100,836",,,,,"-4,597",,"-12,073","2,207","-21,384","4,697",,"-4,806","-25,211","-19,603",,"-8,642","7,542","-2,084","269,883","45,196","280,327","2,297",,0.89,2.03,0,"54,531","1,897","1,552","57,980","18,839","2,622","74,197","545,052","624,409",0.23,0.26
CISO,17May2024,Pacific,N,"553,329","589,934","494,767",,0,"125,778","27,309","2,081",,"78,424",,"164,151",,"108,253",,,,,"-11,228",,,,,,,,,,,,,,"263,738","46,828","277,076","2,295",,0.89,2.03,0,"50,784","1,912","1,506","54,201",,,,"523,493",,0.23,
CISO,18May2024,Pacific,N,"495,489","529,102","461,497",,0,"99,591","27,267","2,072",,"75,965",,"151,434",,"104,693",,,,,471,,"-10,698","-5,732","-17,013","4,381",,"-5,542","-6,921","-21,972",0,"-9,028","4,531","-1,582","244,340","37,449","245,661","1,649",,0.89,2.03,0,"40,268","1,909","1,459","43,635","18,229","3,836","58,029","484,955","554,531",0.20,0.23
CISO,19May2024,Pacific,N,"468,381","502,567","442,200","-62,420",0,"102,385","27,225","2,058",,"72,395",,"134,603",,"106,521",,,,,"-2,983",,"-15,433","-4,769","-10,652","4,029",,"-4,515",-8,"-20,750",0,"-13,620","6,005","-2,707","227,990","37,013","235,900","1,668",,0.89,2.03,0,"41,520","1,896","1,385","44,801","18,239","4,783","58,257","468,301","530,721",0.21,0.24
CISO,20May2024,Pacific,N,"524,059","552,522","472,516","-83,302",0,"104,306","28,153","2,068",,"81,714",,"155,798",,"103,825",,,,,"-3,351",,"-16,947","-18,366","-9,000","5,334",,"-6,475","2,091","-25,483",0,"-18,515","7,580","-3,521","249,239","42,143","258,949","2,189",,0.89,2.02,0,"42,221","1,899","1,486","45,606","23,141","3,824","64,923","496,866","580,168",0.20,0.25
CISO,21May2024,Pacific,N,"527,105","564,531","458,487",,0,"108,091","37,000","2,072",,"84,452",,"156,443",,"73,694",,,,,"-3,268",,"-22,522","-21,444","-3,254","4,162",,"-7,053","-12,235","-28,096",0,"-25,212","8,993","-5,333","257,705","41,609","263,135","2,078",,0.89,2.03,0,"43,784","1,904","1,418","47,106","26,892","2,429","71,569","482,759","594,753",0.22,0.27
CISO,22May2024,Pacific,N,"536,176","577,019","477,436","-97,518",0,"108,675","37,342","2,082",,"90,896",,"156,659",,"86,893",,,,,"-5,106",,"-19,103","-14,578","-2,564","5,313",,"-5,795","-13,043","-28,058",,"-23,050","8,227","-4,867","265,352","43,567","266,006","2,096",,0.89,2.04,0,"44,030","1,926","1,498","47,454","25,349","2,995","69,807","504,306","601,824",0.21,0.26
CISO,23May2024,Pacific,N,"543,264","571,801","493,073","-84,690",0,"113,082","36,660","1,933",,"86,207",,"154,505",,"100,277",,,,,408,,"-22,159","-12,786","-1,995","5,284",,"-6,258","1,977","-29,496",0,"-22,029","7,684","-4,912","253,245","44,793","271,687","2,074",,0.89,2.03,0,"45,905","1,776","1,525","49,206","24,481","3,800","69,887","515,787","600,477",0.21,0.26
CISO,24May2024,Pacific,N,"523,639","555,135","499,709","-60,638",0,"104,740","27,626","1,259",,"88,217",,"164,537",,"116,445",,,,,"-3,105",,"-15,521","-11,715",60,"5,059",,"-5,952","5,427","-26,866",0,"-13,850","7,167","-4,447","246,873","44,991","261,390","1,883",,0.89,2.03,0,"42,389","1,157","1,579","45,124","22,059","4,378","62,806","520,824","581,462",0.19,0.24
CISO,25May2024,Pacific,N,"482,338","504,041","466,241","-34,774",0,"102,499","31,437","1,621",,"79,638",,"149,885",,"110,400",,,,,"-9,246",,"-15,220","-1,416","4,689","4,628",,"-5,428","8,066","-23,526",0,"-12,181","8,132","-2,518","224,150","40,611","237,506","1,773",,0.90,2.03,0,"41,637","1,490","1,483","44,610","16,487","5,505","55,592","493,659","528,433",0.20,0.23
CISO,26May2024,Pacific,N,"459,600","482,783","445,351","-33,301",0,"95,939","53,194","2,016",,"78,049",,"135,140",,"80,337",,,,,669,,"-15,028",831,"7,593","4,675",,"-5,378","3,641","-24,510",0,"-12,589","9,296","-1,832","214,275","36,760","230,163","1,584",,0.89,2.02,0,"38,863","1,851","1,414","42,127","15,775","4,946","52,956","469,358","502,659",0.20,0.23
CISO,27May2024,Pacific,N,"475,586","507,666","474,524","-23,339",0,"109,123","54,449","2,032",,"85,923",,"161,906",,"60,344",,,,,747,,"-10,830","-3,567","5,548","5,873",,"-5,091","11,718","-24,842",0,"-9,013","8,449","-1,584","235,184","39,007","231,434","2,040",,0.89,2.02,0,"44,053","1,866","1,458","47,377","17,234","5,378","59,233","494,144","517,483",0.21,0.25
CISO,28May2024,Pacific,N,"526,220","564,197","527,683","-34,583",0,"116,237","54,456","2,047",,"83,616",,"179,154",,"97,756",,,,,"-5,577",,"-11,661","-3,807",-415,"5,226",,"-4,379","3,761","-20,889",0,"-9,696","8,774","-1,497","261,015","42,106","258,779","2,291",,0.89,2.03,0,"47,068","1,881","1,643","50,592","18,612","4,759","64,445","550,109","584,692",0.20,0.24
CISO,29May2024,Pacific,N,"542,957","589,165","523,651","-61,559",0,"117,005","54,412","2,086",,"80,310",,"172,187",,"102,517",,,,,"-4,871",,"-12,944","-7,296","-6,044","5,308",,"-3,768","-4,859","-24,280",0,"-14,823","9,849","-2,702","269,158","41,893","275,969","2,146",,0.89,2.03,0,"47,323","1,918","1,635","50,876","21,926","4,569","68,233","548,712","610,271",0.20,0.25
CISO,30May2024,Pacific,N,"576,918","600,621","514,203","-78,934",0,"140,006","54,414","2,039",,"85,517",,"173,386",,"57,513",,,,,"1,328",,"-15,594","-11,082","-8,704","5,350",,"-3,970","-7,951","-25,235",0,"-18,595","9,831","-2,984","281,479","41,403","275,502","2,237",,0.89,2.03,0,"56,692","1,878","1,479","60,050","24,118","3,773","80,395","530,767","609,701",0.25,0.29
CISO,31May2024,Pacific,N,"582,698","612,378","540,465","-67,662",0,"162,826","54,438","1,243",,"86,627",,"172,177",,"64,436",,,,,"-1,284",,"-18,339","-4,164","-5,623","4,867",,"-4,470","3,073","-25,937",0,"-23,371","9,901","-3,599","292,195","42,878","275,124","2,181",,0.89,2.03,0,"65,600","1,144","1,494","68,238","24,340","3,942","88,636","556,555","624,217",0.27,0.31
CISO,01Jun2024,Pacific,N,"523,723","559,883","529,062",,0,"132,292","54,498","1,104",,"72,459",,"163,810",,"112,481",,,,,"-7,581",,"-12,809","-3,006",-586,"2,517",,"-4,066","8,065","-17,802",0,"-13,682","8,190","-1,131","257,711","40,913","258,901","2,360",,0.89,2.03,0,"53,236","1,017","1,606","55,859","18,015","4,526","69,348","555,365","589,675",0.22,0.26
CISO,02Jun2024,Pacific,N,"499,563","529,055","509,111","-19,730",0,"117,807","54,538","1,104",,"79,642",,"145,223",,"116,682",,,,,"-5,880",,"-11,371","-2,077","7,828","1,824",,"-5,011","9,528","-15,136",0,"-11,861","7,934","-1,388","238,885","42,145","245,717","2,312",,0.89,2.03,0,"47,736","1,016","1,572","50,324","15,861","5,134","61,051","532,053","551,783",0.21,0.24
CISO,03Jun2024,Pacific,N,"571,301","589,420","530,144",,0,"121,010","54,544","1,101",,"86,275",,"153,986",,"114,136",,,,,-905,,"-13,128","-8,994","-6,723","2,103",,"-5,641","-3,667","-16,701",0,"-14,533","8,259","-2,061","271,802","42,909","272,381","2,328",,0.89,2.03,0,"48,876","1,012","1,623","51,511","19,270","2,576","68,205","548,488","609,574",0.21,0.25
CISO,04Jun2024,Pacific,N,"628,097","637,677","537,110","-112,481",0,"166,239","54,539","1,096",,"83,711",,"172,563",,"63,331",,,,,"-4,366",,"-17,048","-13,030","-17,359",912,,"-5,009","-18,623","-20,096",0,"-21,455",221,-994,"300,219","44,382","290,592","2,485",,0.89,2.04,0,"67,217","1,012","1,509","69,738","24,167",951,"92,954","563,877","676,358",0.27,0.30
CISO,05Jun2024,Pacific,N,"690,243","700,940","574,725","-128,304",0,"228,835","54,480","1,103",,"88,180",,"173,518",,"27,237",,,,,"1,369",,"-12,778","-17,155","-25,965",559,,"-4,047","-23,428","-24,239",0,"-20,856",395,-790,"344,568","44,770","308,932","2,674",,0.89,2.04,0,"92,689","1,021","1,400","95,110","25,566",567,"120,109","597,861","726,165",0.35,0.36
CISO,06Jun2024,Pacific,N,"668,954","695,255","618,585","-83,399",0,"242,512","54,394","1,104",,"91,475",,"174,242",,"56,816",,,,,"-1,955",,"-12,519","-6,042","-13,089",434,,"-2,951","-11,515","-18,825",0,"-18,306",757,"-1,343","335,722","45,483","311,443","2,606",,0.89,2.04,0,"98,234","1,022","1,490","100,747","21,320","1,185","120,881","635,129","718,528",0.35,0.37
CISO,07Jun2024,Pacific,N,"627,784","660,534","604,215","-71,642",0,"194,023","54,399","1,103",,"79,072",,"175,006",,"104,564",,,,,"-3,955",,"-13,146","-10,828","-12,092","2,706",,"-2,736","3,937","-19,880",0,"-19,436",504,-671,"308,540","46,087","303,040","2,870",,0.89,2.04,0,"78,496","1,019","1,648","81,163","20,341","2,203","99,301","628,265","699,907",0.28,0.31
CISO,08Jun2024,Pacific,N,"549,998","574,463","539,666","-46,807",0,"136,311","54,385","1,103",,"74,288",,"174,752",,"104,428",,,,,"-5,597",,"-11,040","-9,864","-3,989","2,304",,"-4,081","6,376","-15,474",0,"-11,501",331,131,"265,186","40,856","265,711","2,709",,0.89,2.04,0,"55,102","1,020","1,613","57,735","17,344","2,357","72,722","561,188","607,995",0.23,0.26
CISO,09Jun2024,Pacific,N,"517,076","543,130","488,148","-64,208",0,"104,741","54,404","1,592",,"69,090",,"162,369",,"101,142",,,,,"-5,194",,"-11,164","-11,600","-10,915","2,055",,"-5,401",204,"-14,819",0,"-11,590",250,"-1,228","245,889","39,486","255,354","2,396",,0.89,2.03,0,"42,357","1,469","1,553","45,379","16,770","2,177","59,973","514,426","578,634",0.19,0.23
CISO,10Jun2024,Pacific,N,"586,960","621,175","524,221","-99,027",0,"151,827","54,474","2,011",,"80,530",,"181,753",,"54,852",,,,,"-1,233",,"-11,140","-18,702","-19,121","2,481",,"-6,098","-12,463","-18,742",0,"-14,455",496,"-1,283","286,590","43,753","288,338","2,494",,0.89,2.03,0,"61,307","1,853","1,512","64,672","19,471",798,"83,345","551,131","650,158",0.26,0.28
CISO,11Jun2024,Pacific,N,"634,953","672,158","554,479","-120,227",0,"191,475","54,442","1,896",,"85,733",,"179,682",,"41,096",,,,,157,,"-9,806","-19,795","-28,625","3,174",,"-5,738","-24,808","-19,462",0,"-15,000",541,-708,"326,163","48,976","294,441","2,579",,0.89,2.03,0,"77,125","1,744","1,447","80,315","22,251",891,"101,676","573,595","693,822",0.31,0.32
CISO,12Jun2024,Pacific,N,"630,936","678,145","578,549","-103,510",0,"199,567","54,311","1,176",,"85,954",,"182,712",,"59,439",,,,,"-4,610",,"-12,890","-11,485","-21,285","2,923",,"-5,857","-19,351","-19,904",0,"-16,041",890,-510,"324,795","45,538","305,157","2,666",,0.89,2.03,0,"80,679","1,084","1,527","83,290","22,406","1,062","104,634","601,945","705,455",0.31,0.33
CISO,13Jun2024,Pacific,N,"606,510","629,599","547,394","-82,637",0,"166,082","54,272",939,,"80,594",,"168,988",,"78,012",,,,,"-1,489",,"-9,187","-14,445","-13,548","4,374",,"-6,147","-10,570","-16,779",0,"-14,583",747,"-2,499","289,515","43,659","293,880","2,551",,0.89,2.03,0,"67,164",863,"1,514","69,540","19,242","1,120","87,662","564,857","647,494",0.27,0.30
CISO,14Jun2024,Pacific,N,"615,086","631,996","549,144","-80,474",0,"149,036","54,391",986,,"78,538",,"174,047",,"97,959",,,,,"-5,811",,"-3,819","-19,868","-16,463","3,962",,"-6,597","-10,076","-15,630",0,"-10,782",539,"-1,740","281,909","43,298","304,158","2,634",,0.89,2.02,0,"60,229",905,"1,613","62,748","16,118","1,264","77,601","573,826","654,300",0.24,0.26
CISO,15Jun2024,Pacific,N,"574,389","598,021","518,115","-79,752",0,"135,894","54,487",981,,"65,282",,"171,753",,"93,411",,,,,"-3,693",,"-5,047","-18,630","-18,498","5,500",,"-4,495","-12,409","-15,907",0,"-10,315",301,-252,"251,487","43,393","300,464","2,677",,0.89,2.03,0,"55,050",903,"1,560","57,514","15,943","1,562","71,894","546,873","626,625",0.23,0.25
CISO,16Jun2024,Pacific,N,"532,166","558,054","514,279","-51,945",0,"119,523","54,553","1,277",,"68,064",,"168,986",,"108,646",,,,,"-6,773",,"-7,998","-7,333","-6,326","1,843",,"-4,951",-382,"-16,028",0,"-9,962",98,-906,"240,677","39,505","275,431","2,444",,0.89,2.03,0,"48,517","1,176","1,612","51,304","16,820","3,263","64,862","544,241","596,186",0.21,0.24
CISO,17Jun2024,Pacific,N,"570,292","602,452","511,404","-97,346",0,"130,187","54,616","2,099",,"63,233",,"167,171",,"96,391",,,,,"-2,300",,"-15,337","-12,795","-15,480","3,330",,"-5,710","-13,700","-20,331",0,"-15,506",161,"-1,978","265,351","44,121","290,499","2,479",,0.89,2.02,0,"52,842","1,927","1,556","56,325","21,056","1,429","75,952","541,202","638,548",0.23,0.26
CISO,18Jun2024,Pacific,N,"585,618","626,539","516,764","-110,112",0,"162,253","54,627","2,110",,"67,965",,"166,598",,"66,134",,,,,"-2,924",,"-17,407","-8,506","-13,860","1,072",,"-5,819","-16,690","-26,569",0,"-18,473",341,"-4,201","281,971","44,157","298,296","2,115",,0.89,2.03,0,"65,787","1,941","1,450","69,178","24,773",433,"93,518","545,242","655,354",0.28,0.31
CISO,19Jun2024,Pacific,N,"577,355","613,711","558,306","-57,871",0,"173,947","54,615","1,299",,"65,448",,"176,873",,"88,927",,,,,"-2,804",,"-19,332","6,227","1,935","5,133",,"-4,649","-2,030","-22,810",0,"-19,665",102,"-2,782","269,659","44,193","297,490","2,363",,0.89,2.03,0,"70,304","1,195","1,566","73,065","21,700","2,662","92,103","586,725","644,596",0.27,0.32
CISO,20Jun2024,Pacific,N,"603,353","630,068","580,382","-55,148",0,"185,171","54,613","1,117",,"67,829",,"183,654",,"89,590",,,,,"-1,590",,"-16,662","2,772","-2,081",726,,"-5,637","4,593","-19,969",0,"-17,102",63,"-1,851","277,516","45,760","304,329","2,466",,0.89,2.03,0,"74,807","1,027","1,590","77,425","19,214","2,142","94,497","604,188","659,336",0.28,0.32
CISO,21Jun2024,Pacific,N,"650,015","653,128","602,918","-50,832",0,"227,298","54,624","1,104",,"73,633",,"181,251",,"67,108",,,,,"-2,097",,"-14,600",36,"-7,919","3,330",,"-5,098","8,872","-18,539",0,"-16,345",161,-730,"285,581","47,590","317,414","2,546",,0.89,2.02,0,"92,045","1,013","1,524","94,581","18,095","2,913","109,764","628,833","679,665",0.33,0.36
CISO,22Jun2024,Pacific,N,"683,581","681,651","612,699","-62,947",0,"289,675","54,600","1,383",,"71,118",,"173,346",,"26,419",,,,,"-3,841",,"-12,315","-4,994","-24,184","2,597",,"-4,649","18,796","-21,815",0,"-16,113",536,-806,"299,702","48,714","330,578","2,654",,0.89,2.03,0,"117,255","1,272","1,333","119,860","19,693","4,626","134,927","641,348","704,295",0.41,0.42
CISO,23Jun2024,Pacific,N,"670,955","706,398","595,590","-97,623",0,"261,129","54,567","2,081",,"74,467",,"165,830",,"41,750",,,,,"-4,229",,"-12,101","-16,351","-45,228","2,564",,"-3,190","18,778","-22,856",0,"-18,571",481,"-1,149","300,512","54,902","348,125","2,857",,0.89,2.02,0,"105,474","1,911","1,364","108,748","21,819","3,884","126,683","621,532","719,155",0.39,0.39
CISO,24Jun2024,Pacific,N,"709,600","764,062","679,901","-79,363",0,"317,731","54,547","2,088",,"64,048",,"164,303",,"79,788",,,,,"-2,602",,"-12,079","-5,426","-20,249","7,511",,"-2,188","-5,689","-23,196",0,"-17,981",522,-588,"326,257","60,929","373,847","3,030",,0.89,2.03,0,"128,370","1,921","1,451","131,741","24,306","2,425","153,622","701,029","780,392",0.41,0.43
CISO,25Jun2024,Pacific,N,"717,251","762,149","700,071","-60,821",0,"338,849","54,497","2,072",,"69,387",,"168,124",,"70,334",,,,,"-3,190",,"-13,154","-5,956","-9,769","6,563",,"-1,374","2,263","-20,690",0,"-18,495",571,-780,"332,765","57,963","368,548","2,871",,0.89,2.03,0,"136,712","1,905","1,449","140,066","21,784","2,897","158,954","721,700","782,521",0.43,0.45
CISO,26Jun2024,Pacific,N,"703,238","722,202","645,012","-77,567",0,"251,078","54,523","2,093",,"69,602",,"177,256",,"99,311",,,,,"-8,851",,"-11,195","-10,613","-19,019","5,710",,"-1,660","-2,657","-20,192",0,"-18,334",830,-437,"304,480","55,069","359,418","3,234",,0.89,2.02,0,"101,339","1,922","1,595","104,856","23,102","1,990","125,969","672,160","749,727",0.34,0.37
CISO,27Jun2024,Pacific,N,"684,399","713,293","602,613","-115,304",0,"201,395","54,571","2,102",,"67,420",,"179,421",,"102,266",,,,,"-4,562",,"-10,922","-17,961","-33,556","4,974",,"-1,603","-17,588","-20,742",0,"-17,155",479,"-1,230","301,487","52,517","356,374","2,914",,0.89,2.03,0,"81,515","1,938","1,619","85,072","28,727","1,172","112,627","628,796","744,100",0.30,0.33
CISO,28Jun2024,Pacific,N,"661,877","703,809","604,952","-104,311",0,"215,198","54,567","2,109",,"67,531",,"183,654",,"82,936",,,,,"-1,036",,"-13,210","-10,096","-24,990","3,622",,"-2,844","-14,569","-24,705",0,"-16,384",621,"-1,756","307,599","50,280","343,450","2,484",,0.89,2.03,0,"87,022","1,944","1,571","90,537","27,940","1,017","117,461","630,050","734,361",0.32,0.35
CISO,29Jun2024,Pacific,N,"630,051","664,023","564,665","-106,194",0,"202,902","54,538","2,111",,"62,061",,"184,334",,"61,496",,,,,"-2,766",,"-13,486","-9,233","-25,023","1,062",,"-3,911","-16,770","-21,538",0,"-16,919",773,"-1,149","296,653","46,007","318,684","2,677",,0.89,2.03,0,"82,019","1,944","1,469","85,432","28,875",787,"113,520","590,927","697,121",0.32,0.36
CISO,30Jun2024,Pacific,N,"664,959","667,617","565,896",,0,"197,432","54,543","1,866",,"65,752",,"179,910",,"71,509",,,,,"-5,111",,"-9,129","-9,712","-31,058","1,234",,"-3,280","-17,584","-20,433",0,"-14,495",464,"-1,070","295,685","48,564","320,716","2,657",,0.89,2.03,0,"79,829","1,718","1,502","83,049","25,726",854,"107,920","593,965","699,028",0.31,0.34
CISO,01Jul2024,Pacific,N,"736,033","738,629","603,107","-136,295",0,"232,506","54,592","1,104",,"68,493",,"182,062",,"72,613",,,,,"-8,262",,"-12,772","-14,264","-44,345","3,008",,"-3,488","-25,386","-21,801",0,"-17,789",555,-13,"334,835","50,922","350,090","2,777",,0.89,2.03,0,"93,993","1,017","1,508","96,518","31,349",959,"126,908","629,858","766,153",0.34,0.37
CISO,02Jul2024,Pacific,N,"795,991","783,307","647,999",,0,"293,030","54,514","1,104",,"71,803",,"181,816",,"46,699",,,,,-967,,"-10,580","-17,455","-46,820","2,490",,"-3,754","-25,439","-24,036",0,"-14,185",326,931,"376,115","51,067","353,282","2,846",,0.89,2.03,0,"118,446","1,017","1,432","120,895","33,218","1,168","152,945","670,419","808,941",0.40,0.42
CISO,03Jul2024,Pacific,N,"833,728","819,069","676,843",,0,"343,973","54,359","1,447",,"62,031",,"178,136",,"40,511",,,,,"-3,610",,"-14,690","-12,877","-44,309","4,054",,"-2,823","-23,352","-28,897",0,"-20,045",501,734,"389,563","54,056","372,566","2,882",,0.89,2.03,0,"138,979","1,334","1,348","141,661","37,183","1,539","177,305","699,605","841,309",0.45,0.46
CISO,04Jul2024,Pacific,N,"763,872","754,514","675,799",,0,"294,615","54,462","1,969",,"84,237",,"176,989",,"69,179",,,,,"-5,648",,"-12,589","-1,623","-28,738","5,680",,"-2,160","-2,449","-19,810",0,"-15,068",689,"1,990","362,343","50,213","339,008","2,950",,0.89,2.03,0,"119,131","1,815","1,529","122,475","21,184","2,521","141,138","698,321","772,399",0.39,0.40
CISO,05Jul2024,Pacific,N,"826,210","794,929","727,054",,0,"342,935","54,542","1,104",,"86,424",,"174,088",,"68,395",,,,,-433,,"-12,048",476,"-24,333","3,517",,"-1,427","6,889","-23,010",0,"-17,741",735,"1,918","366,901","53,601","371,475","2,956",,0.89,2.02,0,"138,538","1,014","1,531","141,083","22,495","3,851","159,727","746,257","811,281",0.42,0.43
CISO,06Jul2024,Pacific,N,"767,898","773,137","691,595",,0,"324,411","54,525","1,999",,"86,380",,"174,376",,"47,942",,,,,"1,967",,"-12,229",-654,"-27,908","1,142",,"-2,674","1,203","-22,504",0,"-15,912",693,330,"363,632","52,864","353,688","2,956",,0.89,2.03,0,"131,163","1,836","1,460","134,459","23,442","2,504","155,398","710,154","788,667",0.42,0.43
CISO,07Jul2024,Pacific,N,"729,580","749,172","674,585",,0,"284,536","54,436","2,054",,"75,251",,"170,711",,"87,783",,,,,-192,,"-16,555","1,168","-20,106",67,,"-2,683",703,"-21,931",0,"-17,597",585,"1,034","349,394","50,150","346,667","2,957",,0.89,2.03,0,"115,084","1,887","1,560","118,532","25,670","2,439","141,763","696,539","771,854",0.38,0.40
CISO,08Jul2024,Pacific,N,"821,448","798,295","762,601","-33,428",0,"378,437","54,427","2,075",,"79,831",,"171,542",,"82,619",,,,,"-6,328",,"-16,425","7,506","-1,012","6,119",,"-1,800","8,160","-19,333",0,"-20,075",709,"2,723","357,048","56,276","381,872","3,098",,0.89,2.02,0,"152,686","1,905","1,556","156,146","21,434","6,404","171,176","789,263","822,691",0.44,0.46
CISO,09Jul2024,Pacific,N,"829,639","798,626","782,221","-11,288",0,"408,598","54,406","2,085",,"82,832",,"172,636",,"67,169",,,,,"-5,502",,"-12,115","4,111","9,893","6,292",,"-1,642","16,435","-20,025",0,"-16,887",795,"1,855","346,509","57,013","391,927","3,177",,0.89,2.02,0,"164,738","1,914","1,511","168,163","18,479","8,606","178,036","807,655","818,943",0.46,0.48
CISO,10Jul2024,Pacific,N,"831,032","825,659","754,094",,0,"420,989","54,436","2,021",,"74,715",,"170,512",,"35,410",,,,,"-3,996",,"-9,741","-3,091","-22,288","4,200",,"-1,458","-11,821","-14,616",0,"-15,448",670,"2,964","363,304","57,105","402,107","3,144",,0.89,2.03,0,"169,847","1,860","1,357","173,064","23,855","2,754","194,166","779,662","850,291",0.49,0.50
CISO,11Jul2024,Pacific,N,"845,648","843,548","754,098",,0,"425,141","54,409","1,602",,"85,055",,"150,581",,"40,178",,,,,"-2,867",,"-10,719","-5,393","-32,260","5,505",,-994,"-13,159","-17,448",0,"-16,169",641,"2,388","394,967","56,018","389,415","3,149",,0.89,2.03,0,"171,519","1,472","1,343","174,334","26,141","2,634","197,841","779,527","867,135",0.49,0.50
CISO,12Jul2024,Pacific,N,"801,777","814,174","722,570",,0,"403,443","54,324","2,084",,"79,400",,"129,643",,"59,337",,,,,"-5,658",,"-14,960","2,207","-32,642","5,122",,"-1,289","-11,108","-22,877",0,"-19,149",745,685,"387,416","54,796","368,755","3,209",,0.89,2.03,0,"163,053","1,916","1,303","166,272","28,877","3,089","192,060","747,769","841,035",0.49,0.50
CISO,13Jul2024,Pacific,N,"735,973","728,369","656,193",,0,"342,495","54,340","2,084",,"80,482",,"130,003",,"46,184",,,,,606,,"-12,510","2,761","-18,117","1,081",,"-1,139","-3,051","-22,113",0,"-16,096",878,136,"336,001","50,369","339,036","2,963",,0.89,2.03,0,"138,382","1,915","1,278","141,575","24,169","2,468","163,277","680,441","748,611",0.46,0.48
CISO,14Jul2024,Pacific,N,"677,558","683,376","572,731","-100,397",0,"280,805","54,335","2,082",,"75,448",,"124,642",,"36,748",,,,,"-1,334",,"-11,471","-6,093","-22,854",742,,"-2,529","-14,199","-23,485",0,"-20,895",472,-85,"297,788","51,305","331,501","2,781",,0.89,2.02,0,"113,362","1,910","1,192","116,465","29,169",739,"144,895","596,169","696,566",0.43,0.46
CISO,15Jul2024,Pacific,N,"709,153","736,105","629,873","-92,845",0,"307,265","54,332","2,082",,"73,630",,"147,842",,"55,000",,,,,"-10,279",,"-10,296","-5,093","-27,039","2,784",,"-2,574","-21,243","-10,563",0,"-19,949",629,499,"312,880","55,758","364,582","2,888",,0.89,2.02,0,"123,942","1,912","1,328","127,181","25,782","1,191","151,772","658,248","751,093",0.43,0.45
CISO,16Jul2024,Pacific,N,"683,347","735,069","686,063","-41,554",0,"294,801","54,308","2,041",,"83,664",,"166,893",,"82,855",,,,,"1,505",,"-9,862","3,227","-7,305","1,514",,"-2,179","3,356","-17,061",0,"-14,859",458,"1,157","304,897","55,361","371,839","2,969",,0.89,2.03,0,"118,806","1,878","1,583","122,267","19,026","3,787","137,506","712,670","754,224",0.38,0.40
CISO,17Jul2024,Pacific,N,"699,544","726,536","672,422","-51,000",0,"319,549","54,342","2,085",,"71,700",,"153,071",,"74,646",,,,,"-2,969",,"-9,298","-4,567","-12,633","4,684",,"-1,682","8,363","-20,757",0,"-16,562",509,943,"300,087","55,994","367,397","3,061",,0.89,2.03,0,"128,825","1,915","1,432","132,172","18,926","3,293","147,805","697,890","748,890",0.42,0.44
CISO,18Jul2024,Pacific,N,"749,365","765,623","686,384",,0,"348,558","54,346","2,099",,"84,040",,"148,277",,"53,696",,,,,"-4,629",,"-11,203","-3,980","-13,357","5,572",,"-1,926","-6,000","-24,418",0,"-18,210",325,-218,"327,657","55,920","379,133","2,919",,0.89,2.02,0,"140,708","1,928","1,368","144,004","25,088","2,453","166,639","710,161","783,576",0.45,0.47
CISO,19Jul2024,Pacific,N,"777,088","796,060","712,447",,0,"380,216","54,328","2,096",,"74,170",,"161,694",,"43,691",,,,,"-3,742",,"-10,075","-1,601","-18,446","2,298",,"-1,535","-13,022","-23,744",0,"-15,382",441,"1,184","352,147","58,521","382,367","3,024",,0.89,2.03,0,"153,551","1,927","1,362","156,840","25,848","2,135","180,553","740,059","819,941",0.47,0.49
CISO,20Jul2024,Pacific,N,"722,969","760,351","711,877",,0,"371,229","54,261","2,091",,"83,209",,"160,735",,"43,430",,,,,"-3,081",,"-9,164","6,334","-3,936","1,287",,"-1,446","-3,399","-18,594",0,"-14,482",466,"2,160","331,022","57,522","368,750","3,055",,0.89,2.03,0,"149,893","1,923","1,395","153,211","18,460","3,265","168,405","739,853","780,627",0.46,0.48
CISO,21Jul2024,Pacific,N,"688,651","714,993","659,145","-49,628",0,"328,761","54,361","2,073",,"73,348",,"159,020",,"48,719",,,,,"-7,133",,"-13,434","3,727","-1,088",-14,,"-1,548",-322,"-20,352",0,"-18,971",700,"1,674","299,462","54,822","357,553","3,154",,0.89,2.03,0,"132,619","1,906","1,355","135,880","21,494","3,294","154,080","686,910","736,538",0.44,0.46
CISO,22Jul2024,Pacific,N,"789,415","811,931","698,353",,0,"378,153","54,364","2,082",,"73,765",,"158,567",,"32,648",,,,,"-1,227",,"-13,269","-8,075","-26,673","3,013",,"-1,241","-16,151","-21,657",1,"-21,117",559,745,"352,991","59,563","396,129","3,246",,0.89,2.03,0,"152,236","1,914","1,302","155,452","27,797","1,547","181,703","722,303","826,168",0.47,0.48
CISO,23Jul2024,Pacific,N,"811,583","863,776","769,125",,0,"458,837","54,210","2,076",,"87,032",,"142,436",,"26,543",,,,,"-2,009",,"-10,478","-1,026","-20,609","3,213",,-486,"-20,124","-20,735",0,"-17,479",589,496,"388,516","62,276","409,905","3,084",,0.89,2.03,0,"184,679","1,908","1,277","187,864","28,757","2,516","214,105","796,483","883,122",0.52,0.53
CISO,24Jul2024,Pacific,N,"824,373","877,623","792,154",,0,"474,121","54,189","2,079",,"77,652",,"145,993",,"42,491",,,,,"-4,362",,"-9,545",-136,"-16,276","3,244",,854,"-19,649","-19,073",0,"-17,387",556,"3,069","390,779","66,843","416,799","3,200",,0.89,2.03,0,"191,113","1,911","1,309","194,333","24,465","3,034","215,764","820,077","894,420",0.52,0.53
CISO,25Jul2024,Pacific,N,"831,368","873,094","802,478",,0,"447,292","54,255","2,087",,"90,482",,"162,071",,"57,663",,,,,"-11,370",,"-11,099","-2,725",-11,"3,996",,385,"-21,949","-15,831",0,"-18,237",553,"3,675","371,616","69,503","428,714","3,256",,0.89,2.03,0,"180,519","1,919","1,469","183,907","22,940","2,962","203,885","835,235","896,478",0.49,0.50
CISO,26Jul2024,Pacific,N,"769,659","814,625","759,607",,-17,"382,307","54,344","2,048",,"74,205",,"170,529",,"82,056",,,,,"-5,864",,"-14,093","3,664",-297,"3,851",,29,"-8,258","-19,946",0,"-20,451",874,"2,044","338,810","65,882","407,158","2,779",2.28,0.89,2.03,,"154,554","1,885","1,523","157,963","21,319","3,205","176,077","784,651","837,234",0.44,0.46
CISO,27Jul2024,Pacific,N,"638,770","674,171","618,449",,-59,"230,501","54,370","2,011",,"76,541",,"176,509",,"83,883",,,,,"-5,311",,"-6,193","-8,247","-1,068","1,993",,"-2,017","-14,312","-19,702",0,"-10,905",485,"1,847","271,363","54,203","345,998","2,606",2.29,0.89,2.03,,"93,192","1,855","1,577","96,624","18,294","1,667","113,251","646,756","704,875",0.33,0.35
CISO,28Jul2024,Pacific,N,"590,406","631,935","564,054","-70,714",-54,"200,769","54,353","1,087",,"62,021",,"177,869",,"64,502",,,,,"3,498",,"-8,228","-4,263",-514,223,,"-4,577","-21,057","-20,250",0,"-12,086",309,-271,"261,150","50,057","318,368","2,366",2.29,0.89,2.03,,"81,287",998,"1,476","83,761","21,202","1,692","103,271","589,632","660,346",0.31,0.34
CISO,29Jul2024,Pacific,N,"646,178","694,492","607,496",,-41,"238,293","54,324","1,104",,"68,991",,"177,857",,"68,251",,,,,"-1,280",,"-8,642","-6,355","-4,712","1,758",,"-4,263","-26,239","-22,790",0,"-15,472",382,"-1,018","290,967","54,616","346,255","2,652",2.29,0.89,2.02,,"96,126","1,014","1,504","98,644","23,442","1,066","121,020","634,679","722,030",0.34,0.37
CISO,30Jul2024,Pacific,N,"676,350","715,751","649,284",,-65,"262,091","54,343","1,739",,"76,239",,"173,993",,"82,953",,,,,"-2,008",,"-9,830","-3,670","2,754","2,403",,"-3,289","-20,666","-15,402",0,"-16,950",272,"-1,631","310,055","54,716","348,361","2,622",2.29,0.89,2.03,,"105,780","1,598","1,560","108,937","21,199","1,518","128,619","673,689","739,698",0.36,0.38
CISO,31Jul2024,Pacific,N,"711,361","742,388","686,464","-51,425",-66,"350,224","54,331","2,052",,"66,174",,"173,628",,"43,277",,,,,"-3,153",,"-9,916","4,765","3,443","1,673",,"-2,758","-8,064","-21,489",0,"-18,286",372,"-1,165","327,381","54,476","357,801","2,732",2.29,0.89,2.02,,"141,384","1,883","1,376","144,643","20,679","3,202","162,120","713,748","765,173",0.45,0.47
CISO,01Aug2024,Pacific,N,"744,526","764,796","702,029","-53,458",-68,"411,458","54,277","2,075",,"87,376",,"123,884",,"29,707",,,,,"-6,680",,"-11,628","8,295","5,732","2,073",,"-1,054","-9,491","-23,088",0,"-23,607",403,"-1,093","335,040","58,054","369,148","2,556",2.29,0.89,2.03,,"165,907","1,907","1,192","169,006","24,462","4,639","188,829","726,736","780,194",0.51,0.53
CISO,02Aug2024,Pacific,N,"782,893","796,449","714,023",,-64,"436,511","54,280","2,076",,"78,817",,"111,712",,"35,360",,,,,"-4,674",,"-8,557","-2,691","-7,016","1,590",,"-1,976","-17,481","-19,914",0,"-15,058",368,-422,"337,526","61,857","394,527","2,539",2.29,0.89,2.03,,"175,830","1,907","1,135","178,872","22,928","1,061","200,739","736,713","807,870",0.54,0.55
CISO,03Aug2024,Pacific,N,"769,295","762,447","696,040",,-35,"368,578","54,236","1,970",,"81,395",,"166,478",,"29,587",,,,,"-6,167",,"-1,693",-56,"-13,580",853,,-635,"-16,873","-18,370",0,"-10,985",626,"2,231","323,641","59,637","376,192","2,972",2.28,0.89,2.03,,"148,388","1,813","1,350","151,551","17,999","2,304","167,246","725,137","783,619",0.46,0.47
CISO,04Aug2024,Pacific,N,"732,420","728,383","694,735",,-20,"343,627","54,296","1,863",,"72,996",,"167,640",,"54,878",,,,,-544,,"-1,344","5,101","-2,298",754,,-433,"-1,787","-21,033",0,"-10,174",645,"3,097","302,632","58,192","364,608","2,946",2.28,0.89,2.03,,"138,342","1,715","1,430","141,488","15,291","4,520","152,259","721,218","748,690",0.43,0.45
CISO,05Aug2024,Pacific,N,"793,433","809,868","737,798",,-46,"407,998","54,309","2,012",,"75,157",,"150,875",,"53,402",,,,,"-5,907",,"-6,921",940,"-5,977","4,424",,"1,081","-17,926","-20,851",0,"-19,615",676,"1,522","320,126","66,510","420,177","3,054",2.29,0.89,2.03,,"164,542","1,850","1,354","167,746","23,532","3,575","187,703","765,857","828,504",0.48,0.50
CISO,06Aug2024,Pacific,N,"832,894","823,898","722,570",,-24,"381,746","54,279","2,064",,"78,510",,"161,152",,"48,737",,,,,"-3,896",,"-7,949","-6,649","-28,754","3,671",,"1,384","-19,829","-18,464",0,"-16,700",690,"1,981","337,349","65,987","417,339","3,223",2.28,0.89,2.03,,"153,988","1,898","1,388","157,274","25,484","2,257","180,500","748,635","839,254",0.46,0.47
CISO,07Aug2024,Pacific,N,"809,916","818,633","722,137",,-38,"362,593","54,201","1,193",,"84,906",,"154,610",,"73,011",,,,,"-8,339",,"-13,816",-520,"-17,974","1,471",,52,"-12,410","-24,856",0,"-22,947",536,-128,"353,157","64,774","397,486","3,218",2.28,0.89,2.02,,"146,366","1,096","1,461","148,922","28,499","1,798","175,623","747,557","838,149",0.44,0.46
CISO,08Aug2024,Pacific,N,"755,765","769,576","706,255",,-24,"310,558","54,165","1,104",,"82,810",,"154,557",,"105,164",,,,,"-2,067",,"-16,426","1,853","-8,950","2,349",,-726,"4,596","-22,889",0,"-20,994",686,554,"333,044","58,677","374,620","3,231",2.28,0.89,2.03,,"125,570","1,015","1,588","128,181","23,674","2,941","148,915","728,886","788,833",0.39,0.42
CISO,09Aug2024,Pacific,N,"752,054","772,198","691,038",,-27,"317,702","54,186","1,104",,"79,056",,"157,773",,"84,949",,,,,"-3,698",,"-13,643",-398,"-9,759","2,116",,-444,"-2,686","-24,534",0,"-22,768",716,"1,522","324,763","59,365","384,862","3,213",2.28,0.89,2.03,,"128,383","1,015","1,511","130,914","24,140","2,011","153,044","715,810","785,688",0.40,0.43
CISO,10Aug2024,Pacific,N,"716,651","728,056","641,767",,-18,"261,150","54,224","2,029",,"81,525",,"158,157",,"82,524",,,,,"2,180",,"-11,396","-8,125","-17,863",691,,-16,"-5,701","-19,634",0,"-17,950",524,"1,322","298,766","55,869","370,246","3,174",2.28,0.89,2.03,,"105,514","1,870","1,522","108,909","23,203","1,148","130,964","663,009","741,157",0.36,0.39
CISO,11Aug2024,Pacific,N,"687,763","723,270","623,529",,1,"255,990","54,072","2,077",,"79,564",,"152,526",,"79,534",,,,,-243,,"-17,819","-9,741","-16,246","3,080",,-498,"-7,026","-23,057",0,"-23,659",482,-867,"289,302","60,103","370,679","3,192",2.36,0.89,2.03,,"103,593","1,914","1,492","107,023","27,773","1,148","133,647","650,097","745,448",0.36,0.40
CISO,12Aug2024,Pacific,N,"725,081","780,004","640,479",,-38,"271,810","53,980","2,080",,"76,685",,"163,186",,"78,632",,,,,"-5,859",,"-12,322","-17,078","-26,946",687,,-348,"-25,973","-27,084",0,"-21,673",330,-358,"306,776","67,665","402,526","3,047",2.28,0.89,2.03,,"109,802","1,915","1,511","113,228","32,501",659,"145,070","670,960","801,725",0.37,0.40
CISO,13Aug2024,Pacific,N,"708,769","762,394","628,268",,-22,"233,562","53,894","2,075",,"83,432",,"174,412",,"85,027",,,,,"-4,121",,"-15,258","-16,798","-22,449","2,473",,-648,"-25,913","-26,296",3,"-22,425",274,486,"304,033","66,366","389,096","2,904",2.28,0.89,2.03,,"94,471","1,910","1,607","97,988","32,365",903,"129,450","657,765","784,316",0.33,0.36
CISO,14Aug2024,Pacific,N,"726,021","760,694","659,992",,-27,"257,357","54,014","2,072",,"68,803",,"176,365",,"101,625",,,,,-220,,"-15,391","-7,352","-15,616","1,361",,"-1,623","-14,831","-24,205",5,"-20,476",412,"1,208","312,638","62,535","382,797","2,726",2.29,0.89,2.04,,"104,093","1,916","1,631","107,640","26,829","1,031","133,438","688,096","784,604",0.34,0.37
CISO,15Aug2024,Pacific,N,"732,579","769,861","661,726",,-40,"258,309","54,054","2,065",,"85,129",,"175,121",,"93,748",,,,,"-6,663",,"-14,529","-10,128","-20,677","3,038",,"-2,928","-17,735","-19,736",1,"-20,768",337,983,"315,555","63,526","388,106","2,675",2.28,0.89,2.03,,"104,124","1,903","1,641","107,668","26,559","1,011","133,216","691,625","793,767",0.34,0.37
CISO,16Aug2024,Pacific,N,"735,153","767,754","662,168",,-39,"305,587","54,001","2,070",,"76,344",,"169,341",,"57,958",,,,,"-3,087",,"-13,004","-7,507","-17,518","1,349",,"-1,028","-20,213","-20,836",0,"-21,215",572,"1,090","312,904","61,087","391,089","2,679",2.28,0.89,2.03,,"123,146","1,904","1,458","126,509","26,620","1,089","152,040","690,764","789,074",0.40,0.42
CISO,17Aug2024,Pacific,N,"666,405","690,270","618,599","-70,673",4,"248,286","53,800","2,075",,"78,147",,"171,572",,"72,317",,,,,"-7,599",,"-10,780","-8,018","-12,111","1,141",,"-1,064","-6,102","-17,615",0,"-16,873",485,264,"285,206","54,095","348,084","2,888",2.28,0.89,2.03,,"100,126","1,910","1,510","103,553","20,684","1,052","123,185","647,047","717,720",0.35,0.38
CISO,18Aug2024,Pacific,N,"635,282","655,356","574,957",,-5,"233,249","53,829","2,085",,"69,421",,"165,703",,"52,669",,,,,"-1,995",,"-11,124","-5,693","-5,154","2,805",,"-2,317","-12,591","-21,182",0,"-20,669",275,-627,"266,744","53,733","332,156","2,722",2.26,0.89,2.03,,"94,108","1,920","1,391","97,432","22,959","1,618","118,773","600,819","677,096",0.36,0.39
CISO,19Aug2024,Pacific,N,"692,230","743,943","649,766",,-26,"310,411","53,801","2,081",,"74,800",,"171,406",,"41,166",,,,,"-3,874",,"-9,753","-9,089","-17,915","8,113",,-326,"-16,037","-24,713",0,"-19,642",716,"2,157","295,838","62,728","382,477","2,904",2.28,0.89,2.03,,"125,270","1,915","1,398","128,583","25,988","2,574","151,997","679,778","766,267",0.42,0.44
CISO,20Aug2024,Pacific,N,"743,865","754,145","676,884",,-31,"306,248","53,771","2,078",,"86,404",,"170,377",,"59,795",,,,,"-1,759",,"-8,446","-6,412","-15,978","9,464",,473,"-15,073","-20,990",0,"-18,693",597,"1,424","297,836","68,418","385,142","2,750",2.27,0.89,2.03,,"123,646","1,914","1,508","127,069","23,342","3,017","147,394","704,541","778,175",0.40,0.42
CISO,21Aug2024,Pacific,N,"732,286","761,245","659,184",,-39,"300,730","53,773","2,073",,"77,846",,"161,039",,"71,347",,,,,"-7,584",,"-13,157","-7,541","-20,746","7,306",,496,"-14,981","-23,109",0,"-24,056",545,107,"302,488","67,114","388,852","2,795",2.28,0.89,2.03,,"121,503","1,909","1,469","124,881","28,411","2,171","151,121","688,861","783,997",0.40,0.42
CISO,22Aug2024,Pacific,N,"670,065","727,006","635,888",,-24,"257,642","53,768","2,068",,"84,747",,"167,435",,"74,484",,,,,"-4,241",,"-13,584","-7,058","-13,992","1,781",,-515,"-8,419","-23,761",0,"-21,419",625,-995,"292,052","62,779","369,503","2,673",2.28,0.89,2.03,,"104,184","1,904","1,534","107,622","25,918","1,288","132,252","662,647","749,984",0.36,0.39
CISO,23Aug2024,Pacific,N,"645,364","680,642","563,653",,-24,"198,519","53,712","2,061",,"68,158",,"164,854",,"77,836",,,,,"-1,466",,"-12,219","-14,099","-27,698",237,,"-2,736","-18,864","-23,444",0,"-16,612",252,"-2,050","282,857","57,587","337,855","2,344",2.28,0.89,2.03,,"80,126","1,900","1,487","83,512","25,372",429,"108,455","591,276","708,509",0.31,0.34
CISO,24Aug2024,Pacific,N,"580,669","620,144","518,596","-102,720",-44,"162,990","53,649","2,067",,"70,758",,"157,667",,"75,889",,,,,"-4,380",,"-13,065","-13,528","-18,974",-374,,"-3,628","-11,802","-23,000",0,"-15,669",42,"-2,722","266,631","50,873","300,431","2,208",2.28,0.89,2.03,,"65,766","1,906","1,453","69,125","25,173",826,"93,472","546,714","649,434",0.28,0.32
CISO,25Aug2024,Pacific,N,"569,786","607,369","522,720",,-23,"177,836","53,645","2,071",,"70,654",,"162,897",,"58,568",,,,,"-2,927",,"-13,733","-8,038","-10,242",356,,"-4,606","-1,521","-23,779",0,"-15,783",-117,"-2,602","255,515","50,574","299,157","2,120",2.28,0.89,2.03,,"71,739","1,906","1,404","75,057","22,344","1,664","95,737","548,796","628,861",0.30,0.34
CISO,26Aug2024,Pacific,N,"686,223","714,720","600,009",,77,"281,793","53,630","2,064",,"77,188",,"166,793",,"23,418",,,,,"-4,957",,"-17,098","-7,726","-16,418",844,,"-2,790","-10,627","-25,905",0,"-23,505",29,"-2,320","302,451","58,822","351,115","2,336",2.28,0.89,2.03,80,"113,547","1,898","1,315","116,840","29,146",628,"145,357","629,483","734,999",0.41,0.44
CISO,27Aug2024,Pacific,N,"727,341","749,597","611,087",,75,"287,861","53,518","2,063",,"81,960",,"164,186",,"22,611",,,,,"-1,191",,"-10,216","-15,654","-31,756","1,351",,"-1,403","-32,245","-21,812",0,"-19,140",418,2,"326,842","58,201","362,049","2,501",2.28,0.89,2.02,78,"116,044","1,893","1,331","119,346","30,254",892,"148,709","639,792","770,247",0.41,0.43
CISO,28Aug2024,Pacific,N,"723,797","742,521","616,034",,-19,"298,681","53,298","2,070",,"71,201",,"162,642",,"33,584",,,,,"-5,426",,"-11,710","-12,627","-25,177","2,068",,"-1,070","-23,152","-24,520",0,"-21,355",543,153,"329,117","57,653","353,204","2,543",2.29,0.89,2.02,,"120,633","1,900","1,314","123,854","30,073","1,070","152,858","646,028","762,875",0.42,0.44
CISO,29Aug2024,Pacific,N,"704,309","714,831","619,109",,-32,"281,859","53,197","2,071",,"77,428",,"159,770",,"47,850",,,,,"-3,034",,"-13,394",863,"-10,407",329,,"-1,205","-13,964","-24,766",0,"-21,527",556,-561,"310,531","56,338","345,304","2,658",2.29,0.89,2.03,,"113,891","1,905","1,383","117,179","25,242","1,130","141,291","647,434","731,510",0.40,0.43
CISO,30Aug2024,Pacific,N,"701,106","703,551","610,605",,0,"290,271","53,268","2,068",,"68,756",,"157,084",,"41,316",,,,,"-2,156",,"-18,469","-2,345","-12,799",781,,"-1,768","3,821","-24,182",0,"-24,502",595,"-1,735","302,315","55,773","342,826","2,639",,0.89,2.03,0,"117,180","1,906","1,316","120,402","26,250","1,858","144,795","638,248","718,851",0.42,0.44
CISO,31Aug2024,Pacific,N,"663,291","673,626","572,221",,0,"267,433","37,670","1,942",,"70,236",,"156,930",,"38,367",,,,,-362,,"-14,648","-7,644","-16,726","1,113",,"-1,477","-2,856","-24,959",0,"-21,272",566,-375,"283,017","51,454","336,458","2,699",,0.89,2.03,0,"107,939","1,789","1,252","110,980","26,701","1,295","136,387","598,369","686,647",0.41,0.44
CISO,01Sep2024,Pacific,N,"657,335","670,086","578,297",,0,"273,256","38,266","2,052",,"66,874",,"160,664",,"43,604",,,,,"-6,410",,"-14,760","-1,628","-4,122",205,,-394,"-4,451","-28,142",0,"-22,782",392,332,"273,108","52,622","341,626","2,735",,0.89,2.03,0,"110,395","1,891","1,268","113,553","25,322","1,594","137,281","608,480","683,830",0.41,0.44
CISO,02Sep2024,Pacific,N,"679,646","694,446","588,842",,0,"265,754","52,927","2,060",,"70,900",,"156,002",,"45,339",,,,,"-4,134",,"-14,974","-7,567","-12,782","4,152",,-235,"-9,772","-29,310",0,"-23,976",459,-294,"276,939","55,644","359,143","2,720",,0.89,2.03,0,"107,439","1,897","1,325","110,661","27,965","1,719","136,907","615,844","710,143",0.40,0.43
CISO,03Sep2024,Pacific,N,"765,383","782,827","661,499",,0,"362,862","53,918","2,050",,"66,695",,"156,865",,"23,204",,,,,"-4,095",,"-14,392","-5,715","-19,106","1,723",,"-1,407","-23,442","-27,432",0,"-22,175",488,"1,204","320,508","63,385","396,076","2,859",,0.89,2.03,0,"146,672","1,889","1,249","149,809","32,622","1,257","181,175","692,995","803,249",0.48,0.50
CISO,04Sep2024,Pacific,N,"822,822","835,835","748,075",,0,"434,153","53,937","2,037",,"80,555",,"157,847",,"29,299",,,,,"-9,755",,"-18,010","3,539","-1,726","5,926",,"1,107","-12,499","-31,083",0,"-26,410",523,"1,574","340,875","69,584","422,551","2,822",,0.89,2.03,0,"175,577","1,878","1,316","178,771","31,633","3,778","206,626","781,999","859,058",0.50,0.53
CISO,05Sep2024,Pacific,N,"882,922","880,148","788,182",,0,"470,192","53,905","2,048",,"75,778",,"148,862",,"42,670",,,,,"-5,278",,"-18,440","5,506","2,247","4,982",,"1,112","-18,335","-34,322",0,"-28,825",608,819,"342,059","76,636","458,625","2,828",,0.89,2.03,0,"190,039","1,888","1,312","193,239","36,097","4,637","224,699","816,896","901,544",0.52,0.55
CISO,06Sep2024,Pacific,N,"886,403","898,901","790,742",,0,"478,575","53,898","2,054",,"77,722",,"140,779",,"40,340",,,,,"-2,630",,"-15,895","2,808","-2,603","3,150",,-87,"-23,600","-32,812",0,"-28,123",686,"1,236","342,341","79,479","474,441","2,640",,0.89,2.03,0,"193,793","1,893","1,282","196,969","36,578","3,224","230,323","817,558","912,798",0.53,0.56
CISO,07Sep2024,Pacific,N,"812,920","829,065","714,008",,0,"409,181","53,821","2,051",,"82,007",,"127,214",,"39,883",,,,,-153,,"-18,352","4,352","-3,501","5,048",,-747,"-24,445","-31,538",0,"-30,128",852,456,"310,475","78,605","437,608","2,385",,0.89,2.03,0,"166,090","1,890","1,252","169,232","38,268","3,589","203,910","740,120","838,123",0.50,0.54
CISO,08Sep2024,Pacific,N,"801,497","819,319","690,984",,0,"398,962","53,861","2,046",,"71,442",,"129,083",,"40,185",,,,,"-4,600",,"-21,624","1,047","-6,290","2,110",,"-1,838","-24,350","-31,631",0,"-34,067",827,-578,"301,079","85,056","430,458","2,728",,0.90,2.03,0,"162,078","1,885","1,215","165,179","41,111","2,544","203,746","720,375","836,769",0.51,0.54
CISO,09Sep2024,Pacific,N,"868,370","872,410","720,818",,0,"411,294","53,827","1,888",,"71,783",,"150,267",,"38,612",,,,,"-6,861",,"-23,328",-926,"-22,792","5,819",,"-2,058","-34,432","-31,390",0,"-32,287",851,570,"323,958","86,568","459,102","2,785",,0.89,2.03,0,"166,956","1,740","1,292","169,988","44,224","2,386","211,825","752,639","892,612",0.50,0.52
CISO,10Sep2024,Pacific,N,"792,985","782,960","663,810",,0,"318,402","53,850","1,772",,"79,957",,"152,089",,"64,201",,,,,"-6,467",,"-18,486","-2,663","-12,348","4,480",,"-2,005","-21,904","-28,292",0,"-27,198",667,-441,"296,358","73,169","410,762","2,670",,0.89,2.03,0,"129,042","1,630","1,416","132,089","35,282","1,789","165,581","692,355","800,545",0.42,0.46
CISO,11Sep2024,Pacific,N,"673,796","692,873","591,117",,0,"211,522","53,845","2,057",,"61,706",,"160,589",,"104,703",,,,,"-3,303",,"-15,202","-6,534","-15,328",308,,"-3,256","-21,610","-21,919",0,"-18,170",392,-885,"289,082","58,396","342,846","2,548",,0.89,2.03,0,"85,633","1,891","1,554","89,078","29,298",709,"117,667","621,811","724,015",0.32,0.36
CISO,12Sep2024,Pacific,N,"636,452","667,529","545,676",,0,"183,902","53,897","1,206",,"60,981",,"156,976",,"91,325",,,,,"-2,614",,"-19,490","-7,925","-20,446",94,,"-5,015","-29,094","-21,228",0,"-19,205",348,"-1,225","290,364","53,102","321,643","2,421",,0.89,2.03,0,"74,555","1,110","1,486","77,150","33,042",663,"109,529","575,424","698,610",0.30,0.35
CISO,13Sep2024,Pacific,N,"633,589","665,959","527,054",,0,"218,664","53,720","1,104",,"60,579",,"157,094",,"36,081",,,,,-186,,"-20,903","-11,567","-23,660",234,,"-3,593","-27,639","-18,295",0,"-24,381",40,"-2,555","291,955","54,394","317,295","2,314",,0.89,2.03,0,"88,649","1,015","1,275","90,939","35,747",259,"126,427","554,853","687,172",0.36,0.41
CISO,14Sep2024,Pacific,N,"575,093","627,181","497,684",,0,"198,916","38,784","1,104",,"66,431",,"154,057",,"42,522",,,,,"-4,128",,"-18,245","-9,306","-23,144","2,343",,"-3,473","-24,329","-23,377",0,"-21,436",424,"-1,576","275,275","51,646","297,921","2,339",,0.89,2.03,0,"80,620","1,015","1,221","82,856","34,196",759,"116,293","520,935","643,054",0.35,0.40
CISO,15Sep2024,Pacific,N,"536,982","587,730","522,649",,0,"173,768","38,519","1,179",,"60,257",,"154,788",,"100,909",,,,,"-6,765",,"-13,870","-4,936","-7,240",238,,"-3,936",-707,"-18,601",0,"-14,259",179,148,"252,353","53,648","279,340","2,392",,0.89,2.03,0,"70,432","1,085","1,425","72,942","21,339","2,106","92,175","549,300","612,284",0.29,0.33
CISO,16Sep2024,Pacific,N,"582,681","614,388","521,549","-100,127",0,"182,987","54,008","1,850",,"63,083",,"141,506",,"76,057",,,,,"2,062",,"-18,230","-9,956","-14,995",-267,,"-4,398","-7,516","-20,639",0,"-20,922",-98,"-3,106","264,678","52,559","295,051","2,098",,0.89,2.03,0,"74,204","1,704","1,378","77,286","27,432",425,"104,293","546,852","646,979",0.31,0.36
CISO,17Sep2024,Pacific,N,"569,919","614,079","503,402","-119,196",0,"164,226","54,067","2,069",,"62,219",,"142,166",,"87,910",,,,,"-9,249",,"-21,903","-9,962","-15,816",904,,"-5,599","-19,197","-19,970",0,"-26,036",26,"-1,643","273,942","48,986","289,154","1,998",,0.89,2.03,0,"66,607","1,906","1,401","69,914","32,493",801,"101,607","534,437","653,633",0.29,0.34
CISO,18Sep2024,Pacific,N,"587,671","618,029","490,614",,0,"188,437","54,110","2,004",,"55,613",,"141,796",,"45,732",,,,,"2,922",,"-23,922","-9,733","-19,082",304,,"-1,990","-17,289","-25,251",0,"-30,574",58,"-2,897","273,208","49,682","293,020","2,116",,0.89,2.03,0,"76,404","1,845","1,239","79,488","35,671",405,"114,754","516,058","646,434",0.34,0.39
CISO,19Sep2024,Pacific,N,"593,845","618,920","489,146",,0,"180,882","53,826","1,989",,"65,409",,"138,610",,"47,681",,,,,749,,"-21,975","-10,812","-19,270",634,,"-1,593","-19,540","-24,433",0,"-26,886",75,"-3,280","273,563","50,481","292,785","2,096",,0.89,2.03,0,"73,198","1,832","1,254","76,283","36,913",574,"112,622","512,381","639,461",0.33,0.39
CISO,20Sep2024,Pacific,N,"597,803","616,088","488,119","-117,054",0,"172,362","53,865","2,066",,"60,100",,"126,927",,"80,598",,,,,"-7,801",,"-20,730","-10,437","-20,557",311,,"-2,476","-11,870","-23,727",0,"-23,670",77,"-3,975","275,925","50,480","287,912","1,765",,0.89,2.03,0,"69,718","1,903","1,273","72,895","32,363",191,"105,067","508,969","626,023",0.32,0.37
CISO,21Sep2024,Pacific,N,"556,783","588,035","496,103","-85,379",0,"183,809","53,680","1,963",,"54,007",,"148,785",,"58,015",,,,,"-4,158",,"-19,594","-7,834","-6,444",247,,"-4,368",-741,"-23,999",0,"-20,452",40,"-2,234","262,984","46,662","276,434","1,955",,0.89,2.03,0,"74,486","1,807","1,271","77,565","27,243","1,218","103,590","519,689","605,068",0.33,0.38
CISO,22Sep2024,Pacific,N,"582,732","596,039","510,679",,0,"224,982","53,437","2,068",,"57,186",,"145,382",,"34,397",,,,,"-6,763",,"-17,868","-2,591","-6,542",375,,"-4,336","-1,073","-23,314",0,"-20,605",254,"-1,659","261,594","48,055","284,281","2,112",,0.89,2.03,0,"91,219","1,905","1,193","94,317","25,498","1,643","118,172","540,540","617,899",0.38,0.42
CISO,23Sep2024,Pacific,N,"694,839","684,354","574,978","-96,279",0,"302,421","53,357","2,034",,"55,255",,"145,049",,"14,810",,,,,"2,052",,"-13,295","-6,076","-17,255","2,674",,"-3,353","-10,368","-27,838",0,"-21,159",301,90,"304,742","53,307","324,083","2,227",,0.89,2.03,0,"122,291","1,873","1,132","125,296","28,874","1,257","152,913","601,888","698,167",0.46,0.48
CISO,24Sep2024,Pacific,N,"697,404","700,158","593,467","-96,108",0,"311,826","53,248","2,042",,"60,990",,"148,819",,"20,389",,,,,"-3,842",,"-17,252","4,271","-6,019","2,270",,"-3,001","-19,301","-29,923",0,"-26,088",555,"-1,620","321,786","52,403","323,604","2,370",,0.89,2.03,0,"126,281","1,879","1,158","129,319","34,677","2,160","161,836","618,233","714,341",0.46,0.50
CISO,25Sep2024,Pacific,N,"652,591","661,321","544,672",,0,"240,640","53,182","1,994",,"49,299",,"151,666",,"51,985",,,,,"-4,100",,"-12,032","-6,569","-15,117","1,144",,"-2,031","-26,347","-23,780",0,"-21,020",428,-603,"294,125","52,290","312,525","2,379",,0.89,2.03,0,"97,386","1,835","1,245","100,466","32,222",841,"131,846","569,811","675,738",0.39,0.43
CISO,26Sep2024,Pacific,N,"622,123","640,018","541,005",,0,"232,059","53,074","2,024",,"64,003",,"151,483",,"39,027",,,,,-668,,"-12,409","-5,681","-11,431","2,453",,"-2,268","-16,042","-22,473",,"-20,458",337,-586,"277,811","49,853","310,003","2,343",,0.89,2.03,0,"94,068","1,862","1,267","97,197","29,324","1,173","125,348","566,905","655,463",0.38,0.42
CISO,27Sep2024,Pacific,N,"637,446","653,015","548,977",,0,"265,625","52,882","2,038",,"59,804",,"151,582",,"19,706",,,,,"-2,657",,"-13,436","-10,015","-16,680",801,,"-2,281","-9,961","-23,802",0,"-21,089",275,"-1,080","291,613","50,284","308,762","2,356",,0.89,2.03,0,"107,576","1,876","1,176","110,627","31,382","1,288","140,721","576,542","673,810",0.42,0.46
CISO,28Sep2024,Pacific,N,"574,451","599,706","526,254",,0,"246,069","36,136","2,040",,"61,894",,"147,925",,"37,343",,,,,"-5,152",,"-9,488","-2,389","-6,607","1,857",,"-2,153","-1,836","-24,834",0,"-16,554",467,-511,"263,436","45,147","288,726","2,401",,0.89,2.03,0,"99,742","1,878","1,165","102,785","24,541","2,321","125,004","554,206","616,254",0.41,0.45
CISO,29Sep2024,Pacific,N,"555,361","574,820","496,723",,0,"204,941","35,531","1,366",,"61,518",,"143,852",,"58,047",,,,,"-8,537",,"-8,793","-7,093","-10,661",683,,"-3,117","-5,750","-21,261",0,"-14,573",309,811,"247,439","44,419","280,620","2,340",,0.89,2.03,0,"82,902","1,259","1,218","85,380","23,691","1,909","107,162","526,415","595,860",0.36,0.40
CISO,30Sep2024,Pacific,N,"645,660","664,246","554,115",,0,"281,472","43,200","1,104",,"55,949",,"143,840",,"29,044",,,,,-491,,"-18,465","-6,223","-14,759","3,211",,"-3,921","-7,843","-30,703",0,"-23,963",149,-268,"287,360","50,108","324,357","2,421",,0.89,2.03,0,"113,906","1,016","1,145","116,066","34,333","1,959","148,441","583,368","686,153",0.44,0.48
CISO,01Oct2024,Pacific,N,"728,109","731,423","607,273",,0,"345,546","53,363","1,104",,"57,053",,"137,682",,"19,572",,,,,"-7,042",,"-18,689","1,941","-25,325","2,474",,"-3,415","-20,032","-33,908",0,"-24,979",241,811,"324,656","54,203","350,077","2,490",,0.89,2.03,0,"140,062","1,015","1,118","142,195","38,873","2,267","178,800","640,324","761,205",0.49,0.52
CISO,02Oct2024,Pacific,N,"766,002","765,238","617,075","-137,896",0,"362,748","53,350","1,104",,"50,096",,"132,653",,"24,078",,,,,"-6,952",,"-25,309","5,343","-29,711","5,698",,"-4,089","-22,215","-36,861",0,"-31,692",243,697,"346,643","55,074","361,079","2,446",,0.90,2.03,0,"147,280","1,016","1,083","149,379","45,190","3,120","191,449","648,498","786,394",0.51,0.54
CISO,03Oct2024,Pacific,N,"740,557","758,015","636,033",,0,"358,882","53,193","1,104",,"46,849",,"136,356",,"38,993",,,,,658,,"-25,798","3,902","-22,898","7,738",,"-4,125","-4,578","-37,773",0,"-30,654",192,722,"344,054","55,105","356,445","2,414",,0.89,2.03,0,"145,672","1,016","1,159","147,848","42,384","4,775","185,457","664,623","777,895",0.49,0.53
CISO,04Oct2024,Pacific,N,"720,837","741,004","577,172",,0,"330,688","53,160","1,104",,"46,609",,"126,222",,"27,476",,,,,"-8,084",,"-24,696","3,838","-36,327","5,680",,"-3,862","-32,136","-34,808",0,"-31,513",552,"-1,083","330,416","55,696","352,576","2,315",,0.89,2.03,0,"133,843","1,018","1,055","135,916","50,284","2,655","183,545","608,883","763,238",0.49,0.53
CISO,05Oct2024,Pacific,N,"677,109","698,255","555,141",,0,"327,465","38,425","1,104",,"39,629",,"131,482",,"21,414",,,,,"-4,369",,"-21,192","1,501","-30,361","4,138",,"-3,533","-22,801","-35,584",0,"-25,441",465,-597,"313,317","51,406","331,088","2,442",,0.89,2.03,0,"132,582","1,017",982,"134,581","44,643","1,907","177,317","586,654","720,059",0.51,0.54
CISO,06Oct2024,Pacific,N,"661,423","691,380","580,803",,0,"353,322","38,570",426,,"42,216",,"130,113",,"18,576",,,,,"-2,420",,"-17,031","2,022","-20,023","7,438",,"-3,057","-13,231","-37,703",0,"-21,782",93,-553,"313,533","50,960","324,503","2,385",,0.89,2.03,0,"142,783",,987,"144,190","37,284","3,059","178,415","613,057","716,884",0.52,0.55
CISO,07Oct2024,Pacific,N,"718,495","752,922","648,743",,0,"426,623","46,785",86,,"41,294",,"119,812",,"16,699",,,,,"-2,556",,"-18,141",-367,"-13,072","9,228",,"-3,093","-10,327","-35,726",0,"-24,692",-146,"-1,408","344,289","55,701","350,528","2,409",,0.89,2.03,0,"172,227",,970,"173,298","38,517","3,641","208,174","681,679","779,423",0.56,0.59
CISO,08Oct2024,Pacific,N,"687,288","724,137","647,663","-73,322",0,"400,665","53,480",890,,"46,141",,"122,044",,"34,025",,,,,"-9,583",,"-16,849","5,212","-2,362","10,695",,"-3,097","-10,323","-33,991",0,"-23,435",476,352,"327,521","54,275","339,857","2,485",,0.89,2.03,0,"161,823",821,"1,075","163,719","33,959","5,384","192,294","683,927","757,249",0.53,0.56
CISO,09Oct2024,Pacific,N,"658,304","683,189","592,699","-84,536",0,"335,576","53,596",915,,"37,312",,"128,530",,"47,131",,,,,"-10,355",,"-13,052","5,603","-7,170","4,697",,"-4,434","-11,995","-36,374",,"-23,126",759,556,"298,453","51,887","330,525","2,323",,0.89,2.03,0,"135,691",841,"1,109","137,641","31,530","3,578","165,592","627,857","712,393",0.48,0.51
CISO,10Oct2024,Pacific,N,"634,117","664,952","600,511","-55,897",0,"343,918","53,563",549,,"42,626",,"122,102",,"36,190",,,,,"1,555",,"-8,542","4,864","5,961","2,669",,"-4,612","-9,497","-29,868",0,"-16,198",547,"-1,221","290,473","53,500","318,859","2,121",,0.89,2.02,0,"138,770",504,"1,083","140,356","24,858","3,837","161,377","628,935","684,832",0.49,0.52
CISO,11Oct2024,Pacific,N,"606,192","645,617","561,471","-73,177",-12,"313,221","53,532",0,,"36,220",,"117,763",,"40,563",,,,,187,,"-12,369","7,756","-1,210","3,333",,"-5,031","-9,990","-33,237",0,"-21,214",308,"-1,523","273,473","53,026","316,973","2,149",2.27,0.89,,,"126,303",0,"1,060","127,363","31,120","3,772","154,711","591,760","664,937",0.47,0.51
CISO,12Oct2024,Pacific,N,"550,434","587,062","514,007","-63,704",-24,"241,050","53,679",-33,,"38,341",,"126,936",,"60,301",,,,,"-6,253",,"-13,965","4,352","7,787","3,126",,"-3,845","-9,075","-29,440",0,"-20,885",273,"-2,032","255,868","47,943","281,129","2,123",2.28,0.89,2.02,,"97,263",,"1,154","98,417","29,187","3,919","123,685","544,285","607,989",0.40,0.45
CISO,13Oct2024,Pacific,N,"524,550","555,428","486,252","-63,037",-24,"212,672","53,851",-41,,"36,577",,"128,493",,"57,686",,,,,"-2,962",,"-15,850","3,729","3,312","2,788",,"-5,810","-1,671","-27,569",0,"-19,974",-10,"-1,982","248,165","45,528","259,736","2,002",2.28,0.89,2.02,,"86,109",,"1,130","87,239","28,855","3,460","112,633","509,532","572,569",0.38,0.43
CISO,14Oct2024,Pacific,N,"574,744","615,874","519,878","-90,092",-24,"251,424","53,924",-50,,"37,594",,"131,798",,"52,943",,,,,"-7,734",,"-17,668","7,943","-9,835","3,610",,"-4,497","-14,116","-29,833",0,"-21,930",179,"-3,945","273,930","51,332","288,474","2,130",2.28,0.89,2.02,,"101,520",,"1,134","102,653","34,588","2,625","134,617","549,303","639,395",0.41,0.46
CISO,15Oct2024,Pacific,N,"583,174","631,615","519,662","-108,067",-24,"261,281","53,945","1,689",,"40,050",,"129,562",,"41,009",,,,,"-7,850",,"-21,550","11,277","-12,582","3,652",,"-4,180","-18,088","-31,675",0,"-31,062",302,"-4,161","279,808","54,395","295,268","2,146",2.28,0.89,2.03,,"105,876",,"1,087","108,528","41,177","3,811","145,895","548,721","656,788",0.44,0.49
CISO,16Oct2024,Pacific,N,"590,871","633,371","495,559","-140,913",-24,"213,430","53,847","2,045",,"42,937",,"115,683",,"72,839",,,,,"-5,206",,"-21,150","5,552","-22,548","4,812",,"-4,182","-32,748","-33,027",0,"-32,465",316,"-5,473","279,658","55,521","296,066","2,126",2.29,0.89,2.04,,"86,438","1,892","1,172","89,502","47,050","2,154","134,398","523,346","664,259",0.38,0.45
CISO,17Oct2024,Pacific,N,"581,637","613,680","495,403","-128,071",-24,"177,951","54,024","2,054",,"38,810",,"122,401",,"102,853",,,,,"-2,670",,"-19,626","-1,557","-15,375","4,827",,"-4,588","-26,159","-30,869",0,"-29,200",159,"-5,683","261,411","53,960","296,229","2,076",2.29,0.89,2.04,,"72,206","1,896","1,314","75,416","41,031","1,330","115,117","525,169","653,240",0.32,0.39
CISO,18Oct2024,Pacific,N,"555,461","582,210","479,160","-117,137",-24,"204,832","54,253","1,880",,"39,504",,"116,855",,"66,297",,,,,"-4,438",,"-21,593","-2,183","-5,664","2,749",,"-6,287","-16,032","-28,748",0,"-31,374",42,"-8,047","251,726","49,342","279,252","1,892",2.29,0.90,2.03,,"83,162","1,728","1,143","86,033","38,690","2,059","122,664","507,054","624,191",0.37,0.43
CISO,19Oct2024,Pacific,N,"511,461","546,494","433,332","-122,395",-24,"197,772","54,186","2,080",,"35,444",,"114,812",,"34,586",,,,,"-5,526",,"-21,277","-6,934","-11,835",117,,"-7,208","-10,918","-29,342",0,"-28,471",47,"-6,574","239,001","44,752","260,852","1,891",2.28,0.89,2.03,,"80,169","1,912","1,008","83,088","35,560",943,"117,705","464,611","587,006",0.39,0.44
CISO,20Oct2024,Pacific,N,"504,099","534,885","435,704","-101,922",-24,"203,649","54,139","2,071",,"37,622",,"120,433",,"19,022",,,,,"-1,219",,"-19,149","-5,374","-2,806",-8,,"-8,116","-5,712","-28,257",0,"-27,089",-171,"-5,240","229,237","44,760","258,991","1,902",2.28,0.90,2.03,,"82,710","1,902",992,"85,604","32,949","1,783","116,770","466,469","568,391",0.40,0.45
CISO,21Oct2024,Pacific,N,"570,102","587,376","469,311","-123,836",-24,"239,721","54,142","2,083",,"32,469",,"113,485",,"30,919",,,,,"-3,485",,"-22,579","-8,773","-13,954",815,,"-7,527","-20,764","-15,121",0,"-29,278",73,"-6,728","252,125","50,689","282,582","1,980",2.28,0.90,2.03,,"97,421","1,915",979,"100,316","35,299",463,"135,152","499,048","622,884",0.44,0.48
CISO,22Oct2024,Pacific,N,"579,321","600,426","517,429","-86,692",-24,"289,699","54,221","2,073",,"32,185",,"119,684",,"20,237",,,,,-653,,"-21,903",-871,"1,533","2,628",,"-6,495","-26,039",-854,0,"-26,249",243,"-8,685","253,903","53,135","291,415","1,972",2.28,0.89,2.03,,"117,103","1,913",965,"119,982","30,627","1,893","148,717","545,456","632,148",0.48,0.52
CISO,23Oct2024,Pacific,N,"571,183","606,433","516,483","-98,260",-24,"288,484","54,198","2,076",,"31,479",,"120,478",,"24,825",,,,,"-5,042",,"-21,078","-2,984",867,"2,636",,"-6,298","-33,259",-194,0,"-29,702",295,"-8,543","253,589","53,973","296,908","1,966",2.28,0.89,2.02,,"116,611","1,906",972,"119,489","33,998","1,934","151,553","545,983","644,243",0.48,0.52
CISO,24Oct2024,Pacific,N,"568,798","598,499","505,211","-104,936",-24,"258,478","54,181","2,070",,"34,130",,"112,362",,"47,725",,,,,"-3,725",,"-26,873","-4,406",-700,"2,991",,"-6,529","-29,003",-606,0,"-30,811",262,"-9,261","252,559","52,999","291,042","1,897",2.28,0.89,2.02,,"104,810","1,901","1,048","107,759","35,197","1,451","141,505","535,793","640,729",0.44,0.49
CISO,25Oct2024,Pacific,N,"565,549","587,317","504,613","-87,583",-24,"292,828","54,084","2,080",,"32,900",,"118,895",,"10,193",,,,,"-6,341",,"-18,210","-1,275",934,"2,691",,"-6,263","-13,368","-16,300",0,"-28,324",251,"-7,719","253,475","51,762","280,103","1,978",2.27,0.89,2.02,,"118,593","1,909",903,"121,406","32,144","2,467","151,083","532,293","619,876",0.50,0.54
CISO,26Oct2024,Pacific,N,"513,359","559,868","473,158","-86,491",-24,"265,791","54,024","1,935",,"34,733",,"106,982",,"15,419",,,,,"-5,705",,"-16,037",680,"-3,449",490,,"-5,506","3,912","-32,457",0,"-28,264",277,"-6,137","240,141","47,729","270,066","1,925",2.27,0.89,2.03,,"107,671","1,779",896,"110,346","30,577","2,310","138,612","503,030","589,521",0.48,0.52
CISO,27Oct2024,Pacific,N,"517,387","553,974","432,191","-125,187",-24,"193,894","54,067","2,016",,"34,991",,"81,736",,"65,305",,,,,205,,"-18,608","-9,354","-18,806",735,,"-5,793","-8,028","-30,410",0,"-28,094",167,"-6,996","241,258","47,738","263,220","1,755",2.27,0.89,2.03,,"78,654","1,853",998,"81,505","34,909",276,"116,139","458,021","583,208",0.39,0.44
CISO,28Oct2024,Pacific,N,"558,810","594,563","477,021","-126,426",-24,"186,432","54,189","2,016",,"34,529",,"88,819",,"115,102",,,,,"-4,052",,"-20,680","-7,723","-13,418","4,455",,"-4,759","-15,798","-29,467",0,"-32,170",76,"-6,942","254,323","54,694","283,618","1,921",2.28,0.90,2.03,,"75,692","1,853","1,201","78,746","35,359",883,"113,222","504,025","630,451",0.34,0.40
CISO,29Oct2024,Pacific,N,"548,017","581,126","472,363","-114,928",-24,"207,695","54,336","1,278",,"31,776",,"103,216",,"79,146",,,,,"-5,066",,"-20,196","-11,705","-13,138","2,135",,"-6,965","-1,157","-27,009",0,"-29,857",-16,"-7,020","249,645","50,346","279,186","1,949",2.28,0.90,2.03,,"84,333","1,175","1,109","86,617","35,331","1,741","120,207","500,379","615,307",0.38,0.43
CISO,30Oct2024,Pacific,N,"560,633","590,962","485,797","-107,185",-24,"268,756","54,327","1,103",,"33,968",,"107,729",,"23,671",,,,,"-3,733",,"-24,129","-3,068","-1,851","2,706",,"-8,240","-2,259","-29,077",0,"-33,878",173,"-7,562","257,167","50,022","281,765","2,012",2.28,0.89,2.02,,"109,013","1,012",937,"110,962","36,359","1,956","145,365","516,113","623,298",0.47,0.51
CISO,31Oct2024,Pacific,N,"554,221","586,439","476,022","-107,661",-24,"239,946","54,299","1,553",,"36,148",,"108,111",,"51,361",,,,,"-15,382",,,,,,,,,,,,,,"255,753","49,070","279,547","2,069",2.28,0.89,2.03,,"97,096","1,428","1,016","99,541",,,,"508,580",,0.43,
CISO,01Nov2024,Pacific,N,"551,494","551,494","475,987",,-24,"235,888","54,300","1,594",,"37,077",,"108,090",,"53,582",,,,,"-14,529",,,,,,,,,,,,,,,,,,2.28,0.89,2.03,,"95,662","1,465","1,032","98,159",,,,"508,567",,0.43,
CISO,02Nov2024,Pacific,N,,,,,,,,,,,,,,,,,,,,,"-13,716","-12,225","-26,962",-69,,"-7,370","-9,925","-25,824",0,"-23,822",-456,"-5,066",,,,,,,,,,,,,"29,824",,,,,,
CISO,03Nov2024,Pacific,N,,"545,541","435,799","-109,751",-25,"158,003","56,621","2,174",,"37,538",,"92,069",,"94,192",,,,,"-4,779",,"-13,407","-11,633","-23,682",-4,,"-7,167",-93,"-25,582",0,"-22,980",-579,"-4,624","238,629","46,480","258,397","2,030",2.27,0.89,2.03,,"64,090","1,999","1,169","67,257","28,786","1,347","94,696","467,292","577,043",0.32,0.36
CISO,04Nov2024,Pacific,N,"549,162","570,940","432,699","-139,143",-24,"203,490","54,378","2,086",,"29,400",,"112,321",,"27,514",,,,,"3,531",,"-15,172","-13,497","-42,349","3,472",,"-6,587","-7,440","-26,430",0,"-25,356",-573,"-5,211","249,685","47,510","271,638","2,105",2.27,0.89,2.03,,"82,372","1,919",976,"85,268","30,208",683,"114,793","461,989","601,132",0.41,0.42
CISO,05Nov2024,Pacific,N,"557,276","583,069","464,022","-123,493",-24,"218,060","54,390","2,076",,"36,813",,"95,863",,"64,576",,,,,"-7,732",,"-21,467","-5,515","-29,744","4,532",,"-7,197","-4,937","-24,570",0,"-30,322",-295,"-3,978","257,420","48,732","274,780","2,133",2.28,0.89,2.03,,"88,212","1,908","1,045","91,165","33,878","1,417","123,625","494,598","618,091",0.41,0.44
CISO,06Nov2024,Pacific,N,"550,002","578,589","489,812","-99,192",-24,"226,562","54,399","1,695",,"36,455",,"100,757",,"72,644",,,,,"-2,683",,"-18,959","-1,125","-13,324","1,284",,"-7,031","-5,507","-26,612",0,"-23,894",-263,"-3,761","253,313","49,862","273,214","2,199",2.28,0.89,2.02,,"91,812","1,556","1,118","94,486","28,754",940,"122,301","522,071","621,263",0.40,0.43
CISO,07Nov2024,Pacific,N,"545,178","576,836","482,914","-97,634",-24,"249,490","54,350","2,096",,"36,866",,"115,344",,"24,242",,,,,546,,"-16,306","-6,807","-21,917","2,416",,"-6,846","-4,561","-23,591",0,"-17,985",-76,"-1,961","253,399","48,443","273,012","1,980",2.27,0.89,2.02,,"101,066","1,925",996,"103,987","28,061","1,205","130,843","513,351","610,985",0.45,0.47
CISO,08Nov2024,Pacific,N,"544,796","573,058","473,243","-98,828",-24,"259,444","54,350","2,082",,"34,296",,"113,121",,"13,800",,,,,"-3,829",,"-17,842","-6,056","-25,109","2,118",,"-7,068",-950,"-23,996",0,"-18,460",191,"-1,656","251,863","47,940","270,948","2,303",2.27,0.89,2.03,,"105,113","1,918",915,"107,946","27,236","1,206","133,975","502,009","600,837",0.47,0.49
CISO,09Nov2024,Pacific,N,"506,778","544,005","444,663","-104,577",-24,"236,105","54,350","2,080",,"35,081",,"105,705",,"16,960",,,,,"-5,597",,"-23,126","-5,085","-19,088",-564,,"-7,327","1,399","-27,411",0,"-21,145",201,"-2,431","236,990","45,536","259,290","2,191",2.27,0.89,2.03,,"95,735","1,915",896,"98,546","28,808","1,164","126,190","473,575","578,152",0.46,0.48
CISO,10Nov2024,Pacific,N,"492,501","524,700","428,950","-93,553",-24,"231,346","54,340","2,074",,"33,117",,"98,799",,"11,201",,,,,"-1,907",,"-19,757","-2,945","-18,733",-115,,"-6,641",786,"-24,346",0,"-18,841",185,"-3,146","228,097","44,045","250,433","2,126",2.27,0.89,2.03,,"93,460","1,906",847,"96,213","25,368","1,453","120,128","455,932","549,485",0.47,0.48
CISO,11Nov2024,Pacific,N,"565,590","587,038","465,779","-122,485",-24,"238,519","54,318","2,060",,"36,072",,"92,332",,"49,502",,,,,"-6,997",,"-18,269","-8,233","-36,970","1,717",,"-7,528","-2,536","-26,618",0,"-19,897",242,"-4,393","260,968","47,508","276,463","2,100",2.27,0.89,2.03,,"96,379","1,893",966,"99,238","27,260",554,"125,944","494,309","616,794",0.44,0.45
CISO,12Nov2024,Pacific,N,"566,516","582,253","459,568","-128,168",-24,"228,153","54,327","1,709",,"33,803",,"102,373",,"41,601",,,,,"-2,382",,"-20,953","-11,609","-39,099","1,201",,"-7,295","1,705","-26,986",0,"-20,671",72,"-4,533","253,226","48,346","278,545","2,134",2.28,0.90,2.02,,"92,713","1,570",991,"95,273","27,389",913,"121,748","490,145","618,313",0.43,0.43
CISO,13Nov2024,Pacific,N,"565,083","596,341","468,137","-124,709",-24,"242,654","54,349","1,103",,"36,791",,"107,517",,"26,624",,,,,-874,,"-20,766","-4,054","-35,485",319,,"-7,528","-1,334","-25,810",0,"-26,980",487,"-3,558","263,873","48,487","281,650","2,329",2.28,0.89,2.02,,"98,491","1,012",978,"100,481","29,059","1,180","128,359","500,617","625,326",0.44,0.45
CISO,14Nov2024,Pacific,N,"557,441","585,111","460,219","-117,245",-24,"220,906","54,307","1,103",,"39,861",,"100,816",,"45,592",,,,,"-2,342",,"-19,396",134,"-31,163",674,,"-7,003","-6,039","-22,226",0,"-28,724",642,"-4,144","258,561","49,207","275,062","2,283",2.28,0.89,2.02,,"89,445","1,013","1,011","91,468","29,363","1,358","119,473","487,602","604,847",0.41,0.44
CISO,15Nov2024,Pacific,N,"569,402","590,914","472,438","-120,613",-24,"200,083","54,431","1,100",,"37,445",,"90,133",,"98,637",,,,,"-9,361",,"-26,644","7,495","-30,396","1,802",,"-7,063","-1,989","-24,346",0,"-34,415",617,"-5,674","259,266","51,936","277,544","2,168",2.28,0.90,2.03,,"81,279","1,012","1,163","83,455","28,978","1,952","110,481","506,890","627,503",0.36,0.39
CISO,16Nov2024,Pacific,N,"516,426","550,349","432,004","-114,686",-24,"190,035","54,467","1,100",,"31,640",,"87,396",,"66,893",,,,,494,,"-24,841","9,834","-26,795",918,,"-7,604","-1,510","-26,783",0,"-32,725",524,"-5,704","243,980","45,733","258,359","2,275",2.28,0.90,2.03,,"77,230","1,012","1,039","79,281","29,614","2,347","106,549","464,023","578,709",0.38,0.41
CISO,17Nov2024,Pacific,N,"510,326","547,730","411,497","-127,310",-24,"199,095","54,463","1,102",,"33,885",,"97,980",,"31,318",,,,,"-6,323",,"-19,924","3,396","-33,974",-59,,"-8,088","-4,528","-26,960",0,"-31,153",434,"-6,454","245,277","46,630","253,477","2,345",2.27,0.89,2.03,,"80,487","1,014",937,"82,438","28,315","1,175","109,578","446,492","573,802",0.41,0.42
CISO,18Nov2024,Pacific,N,"560,226","599,171","456,418","-144,477",-24,"188,530","54,505","1,102",,"34,448",,"88,778",,"93,374",,,,,"-4,294",,"-28,638","6,071","-31,458",558,,"-7,560","-8,505","-28,266",0,"-39,716",473,"-7,436","264,008","51,328","281,389","2,446",2.28,0.89,2.03,,"76,412","1,014","1,147","78,572","35,203","1,355","112,421","490,916","635,393",0.35,0.39
CISO,19Nov2024,Pacific,N,"575,225","613,300","474,707","-145,058",-24,"262,842","54,529","1,103",,"36,613",,"86,007",,"36,295",,,,,"-2,659",,"-27,064","-1,619","-30,339","3,073",,"-7,019","-3,746","-30,724",0,"-40,935",124,"-6,809","276,453","50,680","283,636","2,533",2.28,0.89,2.03,,"106,633","1,015",918,"108,566","38,205","1,663","145,109","505,198","650,256",0.47,0.49
CISO,20Nov2024,Pacific,N,"584,072","621,786","485,385","-134,948",-24,"273,403","54,513","1,103",,"33,902",,"103,144",,"23,376",,,,,"-4,030",,"-24,880","-1,671","-32,387","3,456",,"-7,649","-7,716","-26,864",1,"-31,337",258,"-6,159","282,286","51,208","285,739","2,555",2.28,0.89,2.03,,"110,757","1,016",933,"112,705","33,730","1,387","145,048","519,522","654,470",0.48,0.49
CISO,21Nov2024,Pacific,N,"575,655","611,509","481,025","-124,426",-24,"268,724","54,476","1,104",,"35,848",,"104,895",,"20,514",,,,,"-4,526",,"-24,186","5,640","-25,124","2,934",,"-7,688","-12,407","-27,341",0,"-30,239",162,"-6,177","273,659","49,707","285,672","2,467",2.28,0.89,2.03,,"108,533","1,015",923,"110,471","35,274","1,758","143,987","512,468","636,894",0.48,0.50
CISO,22Nov2024,Pacific,N,"575,985","612,647","473,851","-134,646",-24,"254,048","54,452","1,102",,"39,151",,"97,883",,"31,261",,,,,"-4,023",,"-26,148","5,678","-24,044","2,770",,"-9,197","-12,703","-27,500",0,"-38,076",261,"-5,687","276,218","50,046","283,775","2,611",2.28,0.89,2.03,,"102,512","1,013",949,"104,473","38,578","1,958","141,094","504,385","639,031",0.46,0.49
CISO,23Nov2024,Pacific,N,"532,655","558,033","428,760","-134,906",-24,"186,987","54,435",272,,"41,107",,"80,750",,"67,255",,,,,"-2,019",,"-30,465","5,012","-14,672","2,870",,"-8,283","-12,662","-27,611",0,"-41,742",608,"-7,961","248,917","47,843","259,212","2,064",2.29,0.89,2.03,,"75,845",,"1,000","77,148","36,306","1,696","111,759","450,182","585,088",0.38,0.42
CISO,24Nov2024,Pacific,N,"507,726","540,236","434,866","-107,034",-24,"198,435","54,449","1,102",,"36,555",,"82,410",,"67,955",,,,,"-6,026",,"-27,212","12,669","-7,936","1,562",,"-7,735","-8,023","-26,168",0,"-38,245",427,"-6,373","239,345","47,310","251,557","2,019",2.29,0.90,2.03,,"80,641","1,014","1,011","82,666","33,586","3,765","112,487","465,094","572,128",0.39,0.43
CISO,25Nov2024,Pacific,N,"585,393","605,113","469,710","-128,952",-24,"296,636","54,420","1,095",,"42,641",,"53,397",,"25,730",,,,,"-4,192",,"-26,571","5,806","-10,080",224,,"-8,955","-18,225","-25,569",0,"-39,846",275,"-6,011","274,826","50,358","277,857","2,067",2.28,0.89,2.03,,"120,055","1,008",744,"121,808","41,393","2,010","161,191","493,283","622,235",0.54,0.57
CISO,26Nov2024,Pacific,N,"584,493","607,435","463,642","-149,052",-24,"265,294","54,364","1,100",,"45,341",,"44,309",,"65,871",,,,,"-12,613",,"-32,953","4,537","-7,966",996,,"-7,470","-19,140","-26,928",0,"-52,734",573,"-7,967","271,109","52,819","281,861","1,648",2.28,0.89,2.03,,"107,390","1,013",840,"109,243","45,960","1,734","153,469","487,077","636,129",0.49,0.53
CISO,27Nov2024,Pacific,N,"576,952","587,445","453,390","-138,259",-24,"228,354","54,330","1,098",,"42,797",,"75,417",,"45,787",,,,,"5,627",,"-28,068","-1,117","-3,525","3,130",,"-7,547","-17,443","-28,463",0,"-46,926",-216,"-8,084","263,066","52,457","269,781","2,144",2.28,0.89,2.03,,"92,519","1,011",943,"94,473","44,401","1,230","137,643","477,158","615,417",0.44,0.49
CISO,28Nov2024,Pacific,N,"503,115","542,782","437,061","-102,426",-24,"228,523","54,300","1,100",,"42,328",,"87,753",,"22,485",,,,,591,,"-22,503","5,114","11,259","3,072",,"-8,680","-18,826","-27,438",0,"-36,656",-359,"-7,409","248,403","45,686","246,177","2,515",2.27,0.89,2.03,,"92,346","1,012",903,"94,261","37,770","4,123","127,908","466,909","569,335",0.45,0.50
CISO,29Nov2024,Pacific,N,"511,005","554,581","411,523","-142,276",-24,"245,670","54,305","1,095",,"41,074",,"52,197",,"18,523",,,,,"-1,327",,"-26,883",259,"1,494","1,521",,"-7,372","-27,107","-30,388",0,"-45,490",-379,"-7,931","251,950","49,620","250,593","2,416",2.28,0.89,2.03,,"99,450","1,008",701,"101,159","48,667","1,665","148,160","430,890","573,166",0.52,0.57
CISO,30Nov2024,Pacific,N,"513,058","554,934","403,576","-153,712",-24,"225,176","54,286","1,100",,"36,898",,"75,937",,"17,612",,,,,"-7,410",,"-28,030","-2,191","-4,658",58,,"-8,849","-26,167","-30,855",0,"-44,618",-373,"-8,029","255,052","45,985","251,527","2,369",2.28,0.89,2.03,,"91,043","1,013",791,"92,847","48,171",298,"140,720","434,092","587,804",0.47,0.53
CISO,01Dec2024,Pacific,N,"499,107","546,104","428,615","-115,187",-24,"252,545","54,253","1,101",,"33,706",,"84,275",,"11,689",,,,,"-8,937",,"-22,679","3,646","3,206",352,,"-8,408","-16,300","-27,880",0,"-40,383",-65,"-6,676","249,275","46,622","247,803","2,405",2.28,0.89,2.03,,"101,759","1,012",793,"103,564","38,817","2,230","140,152","461,994","577,181",0.49,0.54
CISO,02Dec2024,Pacific,N,"562,469","588,720","471,270","-117,266",-24,"290,834","54,226","1,096",,"35,840",,"87,826",,"7,630",,,,,"-6,161",,"-18,811",-177,"4,198",796,,"-8,220","-19,898","-28,344",0,"-39,243",30,"-7,597","263,572","50,716","272,061","2,368",2.29,0.89,2.03,,"117,310","1,007",804,"119,122","40,422","1,813","157,731","503,307","620,573",0.52,0.56
CISO,03Dec2024,Pacific,N,"569,327","596,811","470,624","-128,415",-24,"287,720","54,257","1,099",,"38,165",,"82,220",,"10,962",,,,,"-3,776",,"-21,252",739,"-1,970","3,441",,"-8,161","-18,807","-29,814",0,"-44,414",179,"-8,356","264,943","51,134","278,368","2,367",2.29,0.89,2.02,,"116,442","1,009",815,"118,266","43,332","1,836","159,763","502,906","631,321",0.52,0.56
CISO,04Dec2024,Pacific,N,"558,873","596,399","486,174","-114,933",-24,"287,015","54,230","1,100",,"34,673",,"92,789",,"13,024",,,,,"3,366",,"-21,245","5,520","7,109",492,,"-7,561","-18,317","-30,074",0,"-43,292",8,"-7,573","264,374","52,519","277,085","2,416",2.29,0.89,2.02,,"116,279","1,009",879,"118,168","39,516","3,049","154,634","519,199","634,132",0.50,0.54
CISO,05Dec2024,Pacific,N,"562,216","600,832","494,869","-107,374",-24,"308,765","54,217","1,103",,"36,218",,"91,365",,"10,676",,,,,"-7,458",,"-19,571","7,229","8,540",744,,"-7,159","-18,670","-29,368",0,"-41,726",104,"-7,497","264,133","51,960","282,264","2,470",2.29,0.89,2.02,,"124,740","1,012",830,"126,582","38,273","4,166","160,690","527,840","635,214",0.53,0.56
CISO,06Dec2024,Pacific,N,"549,634","596,579","478,638","-118,220",-24,"291,576","54,287","1,104",,"34,462",,"91,473",,"8,447",,,,,"-2,692",,"-18,769",81,"-4,243",134,,"-8,430","-11,196","-28,742",0,"-39,849",161,"-7,367","260,575","52,092","281,529","2,379",2.29,0.89,2.03,,"117,954","1,015",839,"119,808","36,074","1,105","154,777","513,090","631,310",0.51,0.54
CISO,07Dec2024,Pacific,N,"506,342","568,533","427,468","-140,127",-24,"238,877","54,253","1,102",,"36,226",,"93,364",,"12,950",,,,,"-9,278",,"-22,412","-5,558","-14,318",144,,"-7,479","-16,575","-30,259",0,"-37,711",16,"-5,975","251,094","49,326","265,702","2,412",2.29,0.89,2.03,,"96,708","1,014",842,"98,564","39,571",441,"137,694","461,239","601,366",0.47,0.50
CISO,08Dec2024,Pacific,N,"510,536","553,567","397,271","-162,126",-24,"191,421","54,245","1,103",,"31,810",,"72,109",,"51,152",,,,,"-4,536",,"-28,947","-7,633","-23,478",161,,"-8,683","-14,361","-31,637",0,"-40,869",-16,"-6,663","247,370","47,322","256,499","2,378",2.29,0.89,2.03,,"77,507","1,015",885,"79,407","39,418",84,"118,741","425,112","587,238",0.41,0.45
CISO,09Dec2024,Pacific,N,"567,714","609,830","476,937","-141,035",-24,"250,062","54,237","1,104",,"30,904",,"83,575",,"55,697",,,,,"1,381",,"-29,903","-2,305","-10,563",801,,"-8,110","-8,670","-32,041",0,"-44,146",168,"-6,266","271,245","50,927","285,069","2,587",2.29,0.89,2.03,,"101,195","1,018",977,"103,190","39,499",390,"142,299","507,872","648,907",0.45,0.48
CISO,10Dec2024,Pacific,N,"580,536","620,032","513,163","-110,012",-24,"318,275","54,253","1,102",,"34,182",,"87,735",,"26,678",,,,,"-9,038",,"-17,836","-1,919","-4,332",-27,,"-5,622","-13,597","-29,483",-16,"-31,118",-45,"-6,017","276,958","50,246","289,809","3,026",2.28,0.89,2.03,,"128,618","1,014",873,"130,505","35,305",484,"165,326","548,824","658,836",0.52,0.55
CISO,11Dec2024,Pacific,N,"587,038","631,133","504,207","-136,790",-24,"331,652","54,237","1,104",,"34,019",,"60,582",,"22,983",,,,,-342,,"-21,671","-4,480","-5,048",911,,"-6,048","-24,199","-30,410",-26,"-39,112",-176,"-6,531","279,926","55,560","293,238","2,416",2.28,0.89,2.04,,"133,929","1,020",755,"135,705","45,493",795,"180,403","531,184","667,974",0.56,0.60
CISO,12Dec2024,Pacific,N,"596,768","641,343","520,861","-135,037",-24,"306,086","54,253","1,104",,"35,745",,"70,565",,"56,942",,,,,"-3,810",,"-22,727","-5,543","-6,521",743,,"-7,979","-20,580","-29,261",-29,"-36,319",-7,"-6,814","283,347","54,958","300,832","2,208",2.29,0.89,2.03,,"123,693","1,017",914,"125,624","43,202",328,"168,498","547,391","682,428",0.51,0.54
CISO,13Dec2024,Pacific,N,"592,309","634,410","491,362","-154,411",-24,"268,415","54,241","1,103",,"34,210",,"81,171",,"61,696",,,,,"-9,452",,"-26,908","-5,821","-12,373",494,,"-8,215","-20,462","-32,189",-16,"-42,947",-91,"-5,883","282,287","53,653","296,919","1,548",2.29,0.89,2.03,,"108,844","1,016",969,"110,829","46,072",130,"156,771","524,162","678,573",0.47,0.51
CISO,14Dec2024,Pacific,N,"548,103","583,219","428,106","-162,877",-24,"217,530","54,254","1,090",,"34,464",,"63,684",,"62,578",,,,,"-5,472",,"-23,256","-6,034","-25,197",109,,"-8,726","-15,294","-33,577",1,"-43,910",-342,"-6,651","259,392","50,146","271,844","1,835",2.29,0.89,2.03,,"87,973","1,003",887,"89,863","41,536",196,"131,203","451,593","614,470",0.44,0.47
CISO,15Dec2024,Pacific,N,"530,267","572,164","426,504","-155,566",-24,"209,209","54,283","1,103",,"32,363",,"87,861",,"40,509",,,,,"1,198",,"-27,273","-4,733","-18,265",557,,"-8,768","-12,822","-36,284",0,"-41,644",-463,"-5,871","256,784","48,396","265,037","1,946",2.29,0.89,2.03,,"84,913","1,015",940,"86,868","42,118",271,"128,715","457,264","612,830",0.42,0.46
CISO,16Dec2024,Pacific,N,"602,709","639,715","489,099","-153,203",-24,"304,923","54,299","1,097",,"35,168",,"71,447",,"26,133",,,,,"-3,943",,"-25,195","-3,624","-10,350",683,,"-8,730","-16,758","-37,466",0,"-44,745",-667,"-6,351","292,693","53,727","290,865","2,429",2.28,0.89,2.03,,"123,313","1,010",798,"125,121","48,064",382,"172,804","515,756","668,959",0.53,0.57
CISO,17Dec2024,Pacific,N,"595,666","630,583","481,761","-166,231",-24,"285,804","54,267","1,103",,"35,452",,"71,674",,"35,328",,,,,"-1,845",,"-32,629","-9,294","-13,880",491,,"-8,371","-14,671","-31,744",0,"-48,731",-690,"-6,712","281,132","54,525","292,231","2,698",2.28,0.89,2.03,,"115,466","1,015",843,"117,325","48,585",131,"165,778","508,371","674,602",0.51,0.54
CISO,18Dec2024,Pacific,N,"600,748","632,373","441,694","-192,143",-24,"264,561","54,308","1,102",,"36,095",,"77,925",,"18,810",,,,,"-11,081",,"-24,004","-16,710","-43,962",290,,"-8,199","-16,162","-33,560",0,"-45,001",-623,"-4,212","285,856","54,737","289,210","2,571",2.29,0.89,2.04,,"106,874","1,017",784,"108,675","43,653",110,"152,218","471,621","663,764",0.51,0.51
CISO,19Dec2024,Pacific,N,"590,669","612,541","433,617","-183,255",-24,"252,868","54,289","1,103",,"37,977",,"75,618",,"18,106",,,,,"-6,328",,"-26,763","-8,141","-23,296",-37,,"-8,510","-29,218","-33,093",0,"-47,482",-615,"-6,100","276,507","53,209","280,340","2,494",2.29,0.89,2.03,,"102,239","1,016",774,"104,029","50,286",45,"154,269","457,382","640,637",0.50,0.53
CISO,20Dec2024,Pacific,N,"574,116","611,537","434,769","-179,187",-24,"240,047","54,276",487,,"38,621",,"81,281",,"14,109",,,,,"5,964",,"-27,235","-6,273","-25,036",193,,"-8,065","-27,055","-35,005",0,"-43,813",-667,"-6,231","274,203","53,406","281,648","2,276",2.28,0.89,2.03,,"96,836",,849,"98,155","48,187",64,"146,278","463,542","642,729",0.47,0.50
CISO,21Dec2024,Pacific,N,"531,548","571,305","394,894","-172,784",-24,"203,177","54,304",-50,,"41,895",,"79,018",,"19,585",,,,,"-3,025",,"-23,530","-7,910","-23,195",278,,"-8,734","-26,235","-33,961",0,"-42,711",-617,"-6,169","256,602","50,287","262,064","2,359",2.29,0.89,2.04,,"82,017",,844,"82,861","46,021",204,"128,677","424,838","597,622",0.43,0.47
CISO,22Dec2024,Pacific,N,"520,618","547,322","385,447","-164,886",-24,"173,617","54,280",-71,,"43,853",,"50,353",,"66,473",,,,,"-3,041",,"-29,437","-6,696","-13,509",-65,,"-7,532","-17,712","-34,548",0,"-47,113",-770,"-7,504","241,189","50,458","253,803","1,871",2.29,0.89,2.04,,"70,421",,865,"71,286","47,677",30,"118,933","400,769","565,655",0.39,0.46
CISO,23Dec2024,Pacific,N,"573,098","582,349","412,527","-168,215",-24,"214,930","54,285",791,,"45,987",,"76,707",,"31,931",,,,,"-12,086",,"-25,697","-7,444","-21,945",131,,"-9,125","-16,614","-34,099",0,"-45,570",-640,"-7,212","252,815","52,640","274,867","2,028",2.29,0.89,2.05,,"86,887",,865,"88,503","45,480",126,"133,858","443,139","611,354",0.44,0.48
CISO,24Dec2024,Pacific,N,"548,086","564,233","401,303","-149,533",-24,"194,105","54,319","1,104",,"50,395",,"50,073",,"55,838",,,,,"-4,512",,"-20,049","-9,176","-20,483",-69,,"-7,532","-10,589","-32,173",-163,"-41,199",-562,"-7,538","249,018","53,986","259,556","1,676",2.28,0.89,2.05,,"78,395","1,025",852,"80,272","38,910",141,"119,041","419,193","568,726",0.42,0.46
CISO,25Dec2024,Pacific,N,"505,143","534,699","394,725","-140,872",-24,"152,006","54,360","1,102",,"49,662",,"72,919",,"63,234",,,,,"1,458",,"-25,456","-8,492","-15,095",260,,"-9,431","-6,694","-30,864",-241,"-37,183",-779,"-6,897","238,755","47,843","245,716","2,388",2.28,0.89,2.05,,"61,415","1,023","1,021","63,459","34,927",261,"98,125","421,453","562,325",0.33,0.38
CISO,26Dec2024,Pacific,N,"541,709","580,713","394,989","-185,587",-24,"175,533","54,422","1,102",,"48,524",,"65,222",,"58,542",,,,,"-8,337",,"-25,739","-14,996","-31,803",697,,"-9,008","-19,354","-30,926",-487,"-46,017",-766,"-7,188","255,841","52,298","270,012","2,562",2.28,0.89,2.04,,"70,797","1,022",945,"72,764","47,404",140,"120,028","425,031","610,618",0.38,0.43
CISO,27Dec2024,Pacific,N,"544,859","581,057","421,753","-168,484",-24,"165,873","54,413","1,101",,"53,420",,"65,088",,"80,451",,,,,"1,426",,"-29,090","-10,833","-14,949",316,,"-8,407","-18,732","-31,842",-267,"-46,129",-767,"-7,784","248,378","55,176","275,052","2,446",2.28,0.89,2.03,,"66,962","1,013","1,061","69,036","42,916",65,"111,887","445,768","614,252",0.34,0.40
CISO,28Dec2024,Pacific,N,"522,059","550,304","380,459","-169,075",-24,"161,401","54,410","1,103",,"50,380",,"65,416",,"52,128",,,,,"-4,356",,"-25,695","-14,873","-26,351",384,,"-6,435","-16,672","-29,092",-476,"-42,178",-644,"-7,043","236,994","50,561","260,296","2,453",2.28,0.89,2.03,,"65,160","1,015",955,"67,130","41,285",81,"108,334","413,421","582,496",0.36,0.41
CISO,29Dec2024,Pacific,N,"505,928","546,462","405,336","-149,348",-24,"152,447","54,429","1,104",,"49,170",,"80,769",,"77,415",,,,,"-9,979",,"-28,136","-8,925","-15,300",216,,"-7,043","-11,073","-29,297",-256,"-41,717",-673,"-7,144","234,082","50,100","260,310","1,970",2.28,0.89,2.03,,"61,442","1,017","1,085","63,543","35,727",276,"98,994","438,645","587,993",0.32,0.37
CISO,30Dec2024,Pacific,N,"558,856","568,853","421,857","-152,031",-24,"170,812","54,455","1,104",,"52,988",,"90,969",,"50,964",,,,,592,,"-26,396","-5,094","-14,723",-458,,"-8,454","-18,368","-28,712",-152,"-42,128",-720,"-6,826","246,416","52,100","268,632","1,702",2.28,0.89,2.03,,"69,228","1,017","1,055","71,300","36,903",257,"107,946","449,033","601,064",0.35,0.40
CISO,31Dec2024,Pacific,N,"540,867","568,625","425,279","-142,066",-24,"201,755","54,490","1,101",,"53,685",,"89,648",,"26,801",,,,,"-2,174",,"-21,270","-6,273","-6,695",-329,,"-9,646","-16,784","-31,830",-23,"-41,463",-945,"-6,808","246,697","52,657","267,248","2,022",2.28,0.89,2.03,,"81,526","1,014",974,"83,514","41,215",443,"124,286","458,800","600,866",0.40,0.46
CISO,01Jan2025,Pacific,N,"505,225","540,591","383,997","-156,101",-24,"181,759","54,500","1,088",,"50,179",,"88,935",,"13,929",,,,,"-6,375",,"-21,581","-15,046","-15,496",172,,"-9,355","-18,680","-30,724",-195,"-37,849",-890,"-6,457","240,259","48,800","248,820","2,720",2.28,0.89,2.03,,"73,251","1,002",900,"75,153","40,463",221,"115,394","419,277","575,378",0.40,0.44
CISO,02Jan2025,Pacific,N,"540,537","576,423","415,312","-165,095",-24,"196,431","54,504","1,098",,"49,177",,"97,017",,"20,545",,,,,"-3,436",,"-25,721","-15,303","-15,910","1,528",,"-8,900","-19,213","-31,991",-222,"-42,418",-756,"-6,189","248,862","51,618","273,299","2,649",2.29,0.89,2.03,,"79,296","1,012",961,"81,269","45,433",525,"126,177","450,096","615,191",0.40,0.45
CISO,03Jan2025,Pacific,N,"554,413","589,070","408,059","-182,000",-24,"208,664","54,451","1,098",,"47,038",,"60,836",,"44,647",,,,,"-8,653",,"-27,173","-12,187","-18,569",953,,"-8,858","-33,915","-27,447",-270,"-46,542",-541,"-7,451","261,272","52,631","272,782","2,383",2.29,0.89,2.03,,"84,199","1,011",841,"86,052","51,028",224,"136,855","430,720","612,720",0.44,0.49
CISO,04Jan2025,Pacific,N,"519,137","556,583","408,471","-158,600",-24,"155,829","54,467","1,088",,"45,446",,"83,403",,"66,385",,,,,"1,876",,"-28,398","-10,124","-10,505","1,088",,"-9,022","-26,838","-26,532",-153,"-41,600",-668,"-5,848","245,936","50,127","258,086","2,438",2.29,0.89,2.03,,"63,159","1,002","1,079","65,239","43,733",887,"108,085","440,333","598,933",0.33,0.40
CISO,05Jan2025,Pacific,N,"501,542","541,092","387,824","-155,290",-24,"171,934","54,507","1,094",,"46,528",,"93,532",,"21,532",,,,,"-1,280",,"-23,111","-15,660","-15,107",754,,"-9,451","-22,054","-26,182",-252,"-38,655",-725,"-4,847","237,942","48,591","252,041","2,520",2.29,0.89,2.03,,"69,492","1,009",947,"71,448","43,142",613,"113,977","421,888","577,178",0.37,0.44
CISO,06Jan2025,Pacific,N,"551,785","582,297","429,694","-143,515",-24,"201,749","54,515","1,091",,"46,766",,"94,525",,"40,747",,,,,"-9,679",,"-16,103","-14,771","-16,202","1,041",,"-8,966","-27,990","-22,220",-231,"-33,084",-792,"-4,197","257,347","52,906","269,611","2,432",2.29,0.89,2.04,,"81,169","1,011",983,"83,162","41,190",539,"123,813","461,117","604,632",0.40,0.45
CISO,07Jan2025,Pacific,N,"564,065","580,286","444,986","-134,057",-24,"188,785","54,516","1,099",,"44,560",,"76,445",,"81,985",,,,,"-2,382",,"-22,305","-9,453","-7,670","1,866",,"-8,384","-18,942","-23,789",-69,"-39,347",-615,"-5,349","255,687","53,263","268,732","2,609",2.29,0.89,2.04,,"76,069","1,017","1,069","78,155","40,665",957,"117,863","470,717","604,774",0.37,0.43
CISO,08Jan2025,Pacific,N,"549,496","564,099","427,215","-135,107",-24,"202,400","54,493","1,102",,"46,382",,"82,593",,"48,165",,,,,"-7,894",,"-19,220","-14,641","-16,007","1,994",,"-8,486","-8,976","-24,981",-46,"-40,098",-544,"-4,102","253,586","52,368","255,267","2,876",2.29,0.89,2.03,,"81,689","1,016",962,"83,667","37,432",997,"120,102","456,363","591,470",0.40,0.45
CISO,09Jan2025,Pacific,N,"547,039","569,197","451,052","-128,859",-24,"218,227","54,475","1,103",,"44,048",,"100,985",,"41,052",,,,,"-8,811",,"-22,504","-6,480","-4,416","2,545",,"-9,462","-15,482","-26,135",-47,"-42,119",-548,"-4,211","253,695","54,553","258,322","2,632",2.29,0.89,2.03,,"88,243","1,014",995,"90,253","37,619","1,571","126,301","480,855","609,714",0.41,0.46
CISO,10Jan2025,Pacific,N,"537,566","566,042","417,365","-156,328",-24,"173,750","54,475","1,099",,"44,281",,"98,976",,"39,522",,,,,"5,283",,"-21,938","-17,560","-22,117","1,171",,"-9,331","-21,009","-25,324",-45,"-36,473",-718,"-2,984","250,867","50,298","262,163","2,719",2.29,0.89,2.03,,"70,325","1,012","1,046","72,384","39,083",380,"111,087","449,804","606,132",0.35,0.40
CISO,11Jan2025,Pacific,N,"492,341","539,850","368,044","-175,568",-24,"110,843","54,505","1,104",,"42,883",,"93,117",,"68,553",,,,,"-2,938",,"-25,347","-19,505","-29,058","1,199",,"-9,669","-20,754","-26,903",-45,"-41,727",-843,"-2,916","236,055","48,385","253,170","2,244",2.29,0.89,2.03,,"44,997","1,017","1,121","47,135","41,022",695,"87,462","406,563","582,131",0.26,0.33
CISO,12Jan2025,Pacific,N,"483,290","525,819","423,728","-101,049",-24,"188,407","54,519","1,097",,"42,897",,"102,919",,"37,726",,,,,"-3,818",,"-17,077","-6,242",799,"1,229",,"-10,015","-7,847","-24,943",-29,"-32,437",-762,"-3,725","232,813","46,951","244,007","2,044",2.29,0.89,2.03,,"76,349","1,010","1,033","78,392","32,455","2,094","108,753","460,942","561,991",0.37,0.43
CISO,13Jan2025,Pacific,N,"545,988","583,739","477,587","-106,251",-24,"235,975","54,442","1,104",,"44,302",,"104,924",,"39,766",,,,,"-2,904",,"-14,622","-11,152","-7,077","3,075",,"-8,757","-5,823","-24,485",-37,"-33,325",-817,"-3,231","255,420","51,400","274,092","2,834",2.29,0.89,2.03,,"95,341","1,017","1,046","97,404","31,634","1,528","127,509","511,894","618,145",0.42,0.45
CISO,14Jan2025,Pacific,N,"566,259","596,980","493,426","-104,820",-24,"277,594","54,412","1,101",,"43,903",,"103,860",,"24,464",,,,,"-11,887",,"-16,522","-10,723","-2,843","3,695",,"-7,778","-8,862","-25,139",-38,"-33,302",-784,"-2,524","260,867","52,439","280,756","2,924",2.29,0.89,2.03,,"112,054","1,015",962,"114,031","34,095","2,261","145,864","531,401","636,221",0.47,0.51
CISO,15Jan2025,Pacific,N,"560,571","587,264","487,383","-102,833",-24,"265,856","54,424","1,104",,"41,582",,"101,388",,"27,560",,,,,"-4,506",,"-16,874","-5,477",651,"2,196",,"-8,296","-10,443","-25,870",-36,"-34,531",-650,"-3,503","258,968","52,217","273,204","2,878",2.29,0.89,2.03,,"107,452","1,017",969,"109,438","34,795","2,582","141,651","521,586","624,419",0.46,0.50
CISO,16Jan2025,Pacific,N,"559,614","588,226","459,918","-128,790",-24,"239,930","54,428","1,102",,"43,198",,"95,458",,"29,190",,,,,"-3,362",,"-19,309","-8,418","-12,402","1,976",,"-7,450","-14,456","-26,850",-42,"-37,786",-565,"-3,488","257,858","54,562","272,988","2,812",2.29,0.90,2.03,,"97,428","1,014",934,"99,376","37,946",797,"136,525","486,495","615,285",0.45,0.49
CISO,17Jan2025,Pacific,N,"557,691","593,448","491,120","-109,711",-24,"201,216","54,413","1,102",,"43,007",,"91,150",,"106,804",,,,,"-6,552",,"-26,685",255,"4,273","2,592",,"-7,992","-10,001","-25,235",-47,"-42,865",-703,"-3,303","257,139","53,096","280,380","2,829",2.29,0.90,2.03,,"81,864","1,015","1,223","84,102","36,354","3,206","117,250","523,700","633,411",0.35,0.41
CISO,18Jan2025,Pacific,N,"514,799","542,511","454,839","-94,456",-24,"209,301","54,428","1,104",,"44,772",,"104,403",,"36,509",,,,,"4,344",,"-20,380","-2,357","4,218","2,072",,"-9,081","-8,577","-24,202",-43,"-33,229",-501,"-2,376","237,589","47,158","255,075","2,694",2.29,0.90,2.03,,"85,055","1,016","1,035","87,106","31,850","3,004","115,952","482,381","576,837",0.40,0.44
CISO,19Jan2025,Pacific,N,"500,055","544,279","469,285","-72,362",-24,"228,412","54,457","1,104",,"46,007",,"109,801",,"36,966",,,,,"-7,438",,"-12,984","-2,828","3,209","2,666",,"-8,745","-1,491","-24,068",-46,"-26,650",-686,-739,"240,411","48,048","253,064","2,761",2.28,0.89,2.03,,"92,327","1,017","1,033","94,377","26,647","3,530","117,495","500,927","573,289",0.42,0.45
CISO,20Jan2025,Pacific,N,"530,848","571,347","486,192","-85,220",-24,"221,485","54,467","1,104",,"47,755",,"108,655",,"54,792",,,,,"-2,040",,"-14,090","-1,368","1,179","5,348",,"-9,561","-13,398","-22,983",-47,"-27,434",-589,"-2,277","250,452","49,029","268,896","2,964",2.29,0.89,2.04,,"89,329","1,020","1,122","91,471","26,185","3,083","114,573","517,513","602,733",0.39,0.42
CISO,21Jan2025,Pacific,N,"567,247","594,696","502,720","-92,990",-24,"271,089","54,440","1,104",,"48,461",,"107,451",,"22,558",,,,,"-2,363",,"-11,157","-4,634","-7,666","6,804",,"-7,776","-18,528","-22,024",79,"-25,263",-544,"-2,281","259,642","51,346","280,573","3,136",2.29,0.89,2.04,,"109,752","1,020","1,010","111,783","25,887","2,868","134,802","537,601","630,591",0.46,0.47
CISO,22Jan2025,Pacific,N,"558,322","594,693","498,472","-99,078",-24,"280,210","54,455","1,103",,"47,555",,"100,438",,"20,066",,,,,"-5,334",,"-15,359","-2,460","4,942","6,523",,"-7,217","-23,023","-24,135",305,"-34,034",-609,"-4,011","259,188","52,901","279,571","3,034",2.30,0.90,2.04,,"113,784","1,020",945,"115,749","32,382","3,976","144,155","529,653","628,731",0.48,0.51
CISO,23Jan2025,Pacific,N,"554,862","581,371","499,124","-84,892",-24,"276,779","54,436","1,100",,"40,996",,"107,994",,"25,061",,,,,"-7,220",,"-12,051","-2,136","4,510","2,145",,"-7,740","-10,677","-26,469",-51,"-27,761",-560,"-4,102","255,381","51,106","272,050","2,836",2.29,0.89,2.04,,"112,181","1,016",956,"114,153","29,266","3,385","140,033","529,114","614,006",0.48,0.50
CISO,24Jan2025,Pacific,N,"551,105","580,219","486,887","-106,058",-24,"263,017","54,442","1,083",,"38,140",,"107,388",,"24,453",,,,,"-1,621",,"-20,983","-2,864","1,611","2,287",,"-9,169","-10,903","-25,503",0,"-36,639",-672,"-3,223","257,287","50,840","269,223","2,870",2.30,0.90,2.03,,"106,964",998,955,"108,918","32,410","2,369","138,960","515,158","621,216",0.47,0.49
CISO,25Jan2025,Pacific,N,"512,851","543,553","419,195","-129,415",-24,"218,071","54,450","1,092",,"36,066",,"57,888",,"49,197",,,,,"2,458",,"-22,812","-9,495",-172,"3,772",,"-8,670","-18,781","-25,143",0,"-41,883",-870,"-5,361","243,907","50,103","247,284","2,261",2.29,0.90,2.04,,"88,650","1,010",821,"90,481","42,106","1,630","130,958","434,981","564,396",0.46,0.51
CISO,26Jan2025,Pacific,N,"524,102","545,707","429,344","-110,680",-24,"255,763","54,443","1,086",,"38,806",,"51,828",,"36,890",,,,,"-9,449",,"-17,803","-2,472","10,384","2,807",,"-7,364","-20,195","-30,203",0,"-40,586",-782,"-4,466","239,215","49,949","254,106","2,436",2.28,0.89,2.04,,"103,470","1,004",738,"105,213","40,028","3,768","141,473","450,817","561,497",0.51,0.56
CISO,27Jan2025,Pacific,N,"565,821","591,521","495,118","-96,490",-24,"294,580","54,449","1,100",,"35,408",,"85,273",,"32,078",,,,,"-7,743",,"-18,280","2,643","9,459","5,288",,"-8,719","-14,139","-27,863",0,"-39,653",-689,"-4,537","256,108","53,387","279,247","2,777",2.28,0.89,2.04,,"119,131","1,016",869,"121,015","36,386","4,837","152,564","523,902","620,392",0.51,0.54
CISO,28Jan2025,Pacific,N,"572,659","595,732","527,065","-67,139",-24,"292,806","54,421","1,103",,"33,915",,"101,716",,"46,412",,,,,"-3,285",,"-16,582","8,136","15,472","4,463",,"-7,992","-6,281","-24,740",0,"-34,287",-592,"-4,736","259,743","53,459","279,647","2,888",2.28,0.89,2.04,,"118,312","1,019",984,"120,315","30,406","6,352","144,369","552,361","619,500",0.48,0.51
CISO,29Jan2025,Pacific,N,"567,099","594,702","535,065","-66,236",-24,"295,995","54,430","1,102",,"31,851",,"102,857",,"50,721",,,,,"-1,867",,"-13,857","4,482","13,449","4,035",,"-8,163","-6,057","-25,712",0,"-29,911",-750,"-3,752","264,478","52,509","274,811","2,900",2.28,0.89,2.04,,"119,450","1,018","1,012","121,480","28,261","5,178","144,563","562,921","629,157",0.48,0.51
CISO,30Jan2025,Pacific,N,"570,633","606,448","512,342","-113,191",-24,"255,721","54,410","1,094",,"43,067",,"108,567",,"48,900",,,,,607,,"-26,330","1,916","12,305","2,402",,"-8,736","-18,480","-25,273",0,"-44,673",-877,"-5,445","265,579","54,286","283,803","2,782",2.28,0.89,2.04,,"103,566","1,010","1,080","105,656","39,728","4,434","140,950","540,646","653,837",0.43,0.48
CISO,31Jan2025,Pacific,N,"577,539","616,678","468,564","-154,084",-24,"253,720","54,416","1,104",,"47,658",,"86,493",,"28,843",,,,,"-3,642",,"-23,474","-13,201","-9,190",473,,"-8,795","-24,175","-29,290",0,"-39,361",-838,"-6,233","282,298","51,256","280,378","2,750",2.28,0.89,2.03,,"102,963","1,016",914,"104,893","45,455",311,"150,037","495,083","649,167",0.47,0.51
CISO,01Feb2025,Pacific,N,"529,743","553,578","430,498","-114,040",-24,"176,421","54,411","1,098",,"58,677",,"83,300",,"59,377",,,,,"-2,763",,"-27,008","-2,952","2,109",102,,"-8,558","-9,156","-27,520",0,"-34,635",-883,"-5,539","252,733","47,384","250,910","2,551",2.29,0.90,2.03,,"71,682","1,011","1,066","73,758","35,244","2,213","106,790","457,662","571,702",0.36,0.41
CISO,02Feb2025,Pacific,N,"496,386","527,934","452,091","-71,165",-24,"196,123","54,397","1,104",,"66,245",,"87,290",,"58,311",,,,,"-11,358",,"-30,039","11,360","29,829","1,523",,"-8,241","-6,109","-25,524",0,"-37,163",-732,"-6,069","237,224","46,745","241,721","2,242",2.29,0.90,2.03,,"79,678","1,016","1,097","81,791","32,359","7,949","106,201","485,437","556,602",0.37,0.42
CISO,03Feb2025,Pacific,N,"553,895","575,325","506,607","-64,662",-24,"255,684","54,393","1,102",,"66,120",,"86,402",,"38,308",,,,,"4,619",,"-26,972","14,814","35,298",851,,"-8,484","-12,734","-27,226",0,"-32,650",-666,"-6,893","256,593","49,037","267,700","1,991",2.29,0.89,2.03,,"103,795","1,014","1,052","105,862","35,140","10,955","130,047","533,221","597,883",0.44,0.48
CISO,04Feb2025,Pacific,N,"568,975","599,797","554,930","-42,122",-28,"281,923","54,375","1,076",,"62,577",,"95,548",,"70,923",,,,,"-11,468",,"-25,374","20,479","37,183","2,549",,"-7,584","-6,160","-24,152",0,"-32,535",-646,"-5,882","270,208","54,442","273,055","2,089",2.27,0.89,2.03,,"113,674",991,"1,166","115,832","28,828","13,089","131,572","589,305","631,427",0.43,0.46
CISO,05Feb2025,Pacific,N,"561,275","584,573","515,820","-75,243",-26,"251,172","54,363","1,075",,"60,501",,"95,882",,"56,349",,,,,"-3,502",,"-28,593","11,644","26,487",630,,"-8,092","-10,048","-25,772",0,"-34,352",-394,"-6,753","254,878","51,547","276,041","2,116",2.28,0.89,2.03,,"101,526",988,"1,121","103,636","30,399","7,782","126,253","546,747","621,990",0.42,0.45
CISO,06Feb2025,Pacific,N,"594,834","614,158","530,022","-86,724",-27,"255,679","54,312","1,096",,"67,426",,"87,773",,"66,492",,,,,"-2,727",,"-29,597","3,490","23,709","1,175",,"-7,916","-10,760","-24,594",0,"-34,985",-499,"-6,747","281,764","52,034","278,137","2,220",2.28,0.90,2.03,,"103,808","1,008","1,140","105,957","32,244","6,077","132,123","556,303","643,027",0.42,0.45
CISO,07Feb2025,Pacific,N,"563,438","581,088","496,978","-85,612",-18,"195,016","54,289","1,094",,"71,387",,"96,886",,"79,864",,,,,"-1,536",,"-28,940",257,"18,003","1,442",,"-7,284","-1,793","-25,358",0,"-34,849",-489,"-6,601","253,211","54,675","271,155","2,048",2.28,0.89,2.03,,"78,935","1,007","1,255","81,197","29,673","4,513","106,356","525,951","611,563",0.34,0.38
CISO,08Feb2025,Pacific,N,"506,343","534,348","448,327","-75,982",-33,"165,696","54,309","1,102",,"70,146",,"93,432",,"70,486",,,,,"-6,807",,"-23,844","-2,083","15,075","1,363",,"-8,568","5,448","-25,134",0,"-32,455",-830,"-4,954","233,025","47,942","251,110","2,271",2.28,0.90,2.03,,"67,306","1,014","1,201","69,520","27,506","4,385","92,642","482,280","558,262",0.32,0.37
CISO,09Feb2025,Pacific,N,"477,413","516,116","433,667","-68,884",-39,"200,023","54,376","1,102",,"67,191",,"97,799",,"20,870",,,,,"-7,654",,"-18,132","1,492","18,966","3,991",,"-7,775","-2,704","-28,024",0,"-30,651",-739,"-5,308","228,194","46,753","238,713","2,457",2.28,0.89,2.04,,"80,840","1,019","1,003","82,862","30,813","5,976","107,699","464,575","533,459",0.39,0.45
CISO,10Feb2025,Pacific,N,"531,782","570,551","499,748","-66,360",-45,"237,691","54,368","1,104",,"54,871",,"111,090",,"44,211",,,,,"-3,544",,"-22,087",425,"18,788","3,180",,"-7,363","1,891","-26,616",0,"-29,807",-806,"-3,965","254,746","49,720","263,555","2,528",2.28,0.89,2.04,,"96,090","1,022","1,110","98,221","28,335","6,078","120,479","530,354","596,714",0.41,0.45
CISO,11Feb2025,Pacific,N,"557,689","602,956","545,928","-45,294",-46,"239,734","54,441","1,102",,"57,343",,"108,091",,"82,051",,,,,"3,223",,"-19,771","3,225","20,218","4,495",,"-7,889","10,874","-25,032",0,"-26,711",-958,"-3,745","266,773","53,604","279,905","2,674",2.28,0.89,2.04,,"96,985","1,018","1,285","99,287","25,701","7,507","117,481","578,349","623,643",0.38,0.42
CISO,12Feb2025,Pacific,N,"597,728","624,243","514,253","-96,823",-32,"289,784","54,441","1,081",,"61,158",,"66,425",,"47,668",,,,,"-6,271",,"-25,525","-4,366","16,805","4,621",,"-7,408","-6,294","-31,936",0,"-36,751",-739,"-5,230","266,186","58,604","296,825","2,627",2.28,0.89,2.03,,"117,230",995,965,"119,190","39,297","5,558","152,929","544,382","641,205",0.48,0.53
CISO,13Feb2025,Pacific,N,"599,031","624,181","500,530","-107,215",-9,"284,160","54,381","1,033",,"66,508",,"26,562",,"67,592",,,,,300,,"-24,632","-10,530","11,970","5,730",,"-6,101","-12,862","-26,929",0,"-36,807",-589,"-6,465","271,253","58,500","292,359","2,066",2.28,0.89,2.03,,"115,098",951,864,"116,931","42,024","4,337","154,618","512,266","619,481",0.50,0.55
CISO,14Feb2025,Pacific,N,"561,437","575,774","484,226","-87,238",53,"175,531","54,354","1,097",,"61,791",,"101,113",,"101,656",,,,,"-11,368",,"-22,300","-5,774","7,772","1,824",,"-8,011","-1,188","-26,401",0,"-27,437",-784,"-4,939","247,244","51,421","274,890","2,224",2.29,0.90,2.03,,"71,399","1,009","1,286","73,753","30,997","2,977","101,773","514,552","601,790",0.32,0.37
CISO,15Feb2025,Pacific,N,"501,174","527,981","437,052","-86,785",-1,"178,831","54,460","1,100",,"58,521",,"104,313",,"40,532",,,,,-701,,"-24,808","-8,483","16,498","3,083",,"-9,167","-4,713","-25,272",0,"-30,198",-856,"-2,869","231,409","44,796","249,396","2,381",2.20,0.90,2.03,,"72,864","1,012","1,097","74,981","32,286","4,041","103,226","468,192","554,977",0.35,0.41
CISO,16Feb2025,Pacific,N,"486,763","513,840","417,404","-86,498",16,"163,952","54,484","1,104",,"57,678",,"105,402",,"34,362",,,,,408,,"-21,889","-8,957","18,453","1,407",,"-8,961","-7,919","-27,217",0,"-27,828",-830,"-2,757","225,539","44,704","241,557","2,041",2.28,0.89,2.03,17,"66,494","1,018","1,076","68,605","34,884","4,168","99,320","447,891","534,389",0.34,0.41
CISO,17Feb2025,Pacific,N,"515,356","542,630","463,222","-74,203",27,"157,398","54,532","1,104",,"57,290",,"104,851",,"89,370",,,,,"-1,352",,"-25,734","-10,356","13,348","4,735",,"-9,211","9,022","-24,886",0,"-26,734",-804,"-3,583","236,141","46,967","257,546","1,978",2.29,0.89,2.04,,"63,865","1,023","1,282","66,199","29,317","4,413","91,104","495,480","569,683",0.29,0.35
CISO,18Feb2025,Pacific,N,"527,304","553,611","463,104","-79,089",38,"206,611","54,563","1,097",,"51,892",,"111,324",,"41,558",,,,,"-3,982",,"-20,515","-12,918","9,538","6,439",,"-8,830","2,563","-25,886",0,"-24,224",-653,"-4,603","240,598","48,001","262,750","2,270",2.29,0.89,2.04,,"83,787","1,013","1,101","85,942","30,301","4,526","111,717","496,972","576,061",0.38,0.43
CISO,19Feb2025,Pacific,N,"532,911","560,956","478,074","-67,263",7,"235,770","54,548","1,101",,"51,715",,"117,290",,"25,205",,,,,"-7,557",,"-16,318","-11,286","12,635","3,179",,"-8,823","2,396","-23,289",0,"-20,946",-445,"-4,366","247,932","47,330","263,368","2,331",2.29,0.89,2.03,,"95,229","1,011","1,042","97,296","27,600","5,291","119,606","510,563","577,826",0.42,0.46
CISO,20Feb2025,Pacific,N,"516,656","552,965","458,805","-83,550",-26,"189,378","54,550","1,104",,"56,995",,"120,846",,"42,288",,,,,"-6,341",,"-18,852","-12,479","8,086","3,255",,"-8,136","-6,087","-21,005",0,"-23,267",-660,"-4,405","239,364","47,812","263,521","2,269",2.29,0.89,2.03,,"76,349","1,018","1,155","78,522","28,607","2,627","104,502","493,829","577,379",0.35,0.40
CISO,21Feb2025,Pacific,N,"509,185","545,085","467,504","-69,532",-15,"216,133","54,563","1,099",,"55,787",,"126,886",,"18,034",,,,,"-4,984",,"-17,443","-3,440","11,433","2,922",,"-8,922",884,"-23,893",0,"-25,571",-578,"-4,924","234,442","46,921","261,439","2,286",2.29,0.89,2.03,,"87,193","1,014","1,092","89,299","26,349","4,286","111,362","504,098","573,630",0.39,0.43
CISO,22Feb2025,Pacific,N,"465,979","502,095","382,314","-109,145",-7,"156,634","54,525","1,099",,"58,752",,"101,656",,"13,721",,,,,"-4,061",,"-20,564","-12,880",576,904,,"-8,057","-8,378","-26,467",0,"-28,898",-674,"-4,707","212,482","44,520","242,778","2,314",2.29,0.89,2.03,,"63,412","1,013",991,"65,416","31,783","2,507","94,692","418,051","527,196",0.34,0.40
CISO,23Feb2025,Pacific,N,"453,609","494,651","345,503","-142,703",-18,"109,698","54,536","1,098",,"57,010",,"94,602",,"35,477",,,,,"-6,891",,"-24,421","-24,486","-14,125",12,,"-8,394","-10,222","-25,414",0,"-31,440",-892,"-3,321","215,199","44,070","233,388","1,993",2.29,0.89,2.03,,"44,467","1,011","1,026","46,507","33,340","1,597","78,251","380,365","523,068",0.27,0.33
CISO,24Feb2025,Pacific,N,"515,894","549,095","396,195","-146,621",-12,"124,660","54,530","1,104",,"56,529",,"105,618",,"54,703",,,,,-934,,"-26,800","-21,676","-14,171","2,959",,"-9,626","-12,627","-26,982",0,"-32,526",-816,"-4,356","239,398","47,362","260,164","2,174",2.29,0.90,2.03,,"50,692","1,017","1,154","52,870","36,430","1,189","88,111","428,952","575,573",0.27,0.34
CISO,25Feb2025,Pacific,N,"519,771","549,615","406,208","-131,030",30,"134,214","54,557","1,101",,"51,310",,"111,967",,"58,854",,,,,"-5,822",,"-19,191","-16,936","-20,027","5,144",,"-7,934","-15,430","-25,729",0,"-27,088",-875,"-2,964","238,385","47,153","261,987","2,087",2.28,0.90,2.03,31,"54,497","1,015","1,163","56,706","29,959","1,611","85,054","441,052","572,082",0.28,0.33
CISO,26Feb2025,Pacific,N,"517,071","542,646","439,222","-99,949",-5,"178,748","54,564","1,100",,"57,761",,"125,922",,"24,710",,,,,"-3,575",,"-20,896","-4,995",3,"5,086",,"-8,152","-10,437","-27,294",0,"-28,168",-735,"-4,361","229,728","46,388","264,473","2,062",2.27,0.90,2.03,,"72,783","1,013","1,113","74,918","29,408","3,304","101,023","472,212","572,161",0.35,0.39
CISO,27Feb2025,Pacific,N,"520,352","553,813","420,382","-122,198",-25,"160,627","54,546","1,100",,"57,884",,"115,369",,"31,484",,,,,-604,,"-18,996","-7,282","-9,734","4,232",,"-9,372","-17,804","-29,601",0,"-28,309",-668,"-4,664","236,669","48,780","266,246","2,118",2.28,0.89,2.03,,"65,144","1,014","1,095","67,253","31,190","1,492","96,951","449,467","571,665",0.33,0.37
CISO,28Feb2025,Pacific,N,"502,301","533,315","410,239","-108,124",-36,"162,982","54,504","1,083",,"63,089",,"100,509",,"28,968",,,,,-856,,"-13,517","-8,510","-9,029","5,671",,"-8,229","-13,578","-29,777",0,"-27,914",-690,"-2,551","232,502","47,857","250,848","2,110",2.28,0.89,2.03,,"66,154",998,"1,028","68,180","30,558","1,894","96,844","434,223","542,347",0.35,0.39
CISO,01Mar2025,Pacific,N,"467,634","503,464","430,483","-63,605",-23,"126,681","54,488","1,094",,"60,282",,"112,461",,"81,900",,,,,"-6,402",,"-12,271","-7,660","1,202","3,128",,"-9,012","7,316","-24,893",0,"-20,511",-881,-23,"214,717","47,137","239,681","1,925",2.28,0.89,2.03,,"51,278","1,007","1,276","53,563","22,350","3,417","72,496","463,114","526,719",0.25,0.30
CISO,02Mar2025,Pacific,N,"473,690","505,430","428,112","-79,064",-32,"119,495","54,529","1,087",,"59,128",,"99,943",,"103,006",,,,,"-9,041",,"-17,175","-4,301","-5,843","2,567",,"-7,203","1,191","-24,087",0,"-22,123",-730,"-1,360","222,575","45,485","235,306","2,062",2.30,0.90,2.03,,"48,724",999,"1,303","51,026","21,718","2,959","69,785","462,837","541,901",0.24,0.28
CISO,03Mar2025,Pacific,N,"513,543","546,191","461,060","-89,430",-21,"132,674","54,588","1,048",,"54,881",,"126,968",,"86,723",,,,,"4,198",,"-14,176","-4,929","-16,029","3,125",,"-6,688","-4,934","-20,675",0,"-24,254",-880,10,"239,387","48,566","255,828","2,411",2.30,0.90,2.03,,"54,062",963,"1,371","56,396","23,413","2,237","77,572","494,055","583,485",0.25,0.29
CISO,04Mar2025,Pacific,N,"528,532","562,130","451,320","-102,178",-4,"181,121","54,609","1,044",,"49,876",,"126,163",,"49,077",,,,,"-10,563",,"-10,807","3,701","-18,461","3,429",,"-7,116","-14,485","-23,048",-1,"-35,603",-660,873,"251,333","47,862","260,726","2,212",2.29,0.90,2.03,,"73,779",963,"1,167","75,915","27,603","3,318","100,200","488,779","590,957",0.34,0.37
CISO,05Mar2025,Pacific,N,"563,087","586,939","440,662","-129,934",-18,"235,117","54,586","1,057",,"49,960",,"53,297",,"45,348",,,,,"1,314",,"-12,510","7,503","-26,674","2,487",,"-6,203","-29,159","-25,475",0,"-38,404",-560,-939,"264,714","51,389","268,855","1,981",2.29,0.90,2.03,,"95,597",975,819,"97,392","36,253","2,370","131,276","451,441","581,375",0.48,0.50
CISO,06Mar2025,Pacific,N,"554,995","580,120","493,650","-89,112",0,"180,765","54,624","1,093",,"58,185",,"111,022",,"96,301",,,,,"-8,339",,"-12,141","6,774","-10,503","1,313",,"-7,246","-8,425","-23,814",0,"-34,499",-565,-6,"242,693","52,227","282,888","2,318",,0.90,2.03,,"73,636","1,005","1,312","75,959","25,206","2,460","98,705","526,529","615,641",0.32,0.35
CISO,07Mar2025,Pacific,N,"519,538","548,304","484,103","-66,616",0,"163,978","54,630","1,099",,"57,371",,"123,989",,"88,169",,,,,"-5,130",,,,,,,,,,,,,,"227,910","48,877","268,969","2,547",,0.90,2.03,,"66,714","1,013","1,356","69,091",,,,"521,271",,0.29,
CISO,08Mar2025,Pacific,N,"456,793","456,793","483,248",,-1,"162,601","54,626","1,101",,"57,559",,"123,991",,"86,178",,,,,"-2,805",,"-4,735",-406,"-5,875","2,048",,"-8,170","-10,203","-26,807",0,"-34,467",-569,"1,730",,,,,2.28,0.89,2.04,,"65,983","1,017","1,358","68,365","26,258","3,491","91,133","520,414","607,868",0.29,0.33
CISO,09Mar2025,Pacific,N,,"464,312","363,395","-90,247",8,"146,825","52,280","1,053",,"45,676",,"107,914",,"13,976",,,,,"-4,335",,"-6,138","-1,153","-7,196","1,615",,"-7,952","-11,063","-25,385",0,"-35,065",-257,"2,347","202,729","40,104","219,317","2,160",2.28,0.89,2.04,,"59,496",973,957,"61,443","24,351","3,433","82,361","399,476","489,723",0.34,0.37
CISO,10Mar2025,Pacific,N,"490,472","538,896","394,128","-136,421",5,"167,211","40,764","1,091",,"54,328",,"113,431",,"28,272",,,,,"-10,975",,"-11,391","-1,102","-25,727","2,475",,"-8,644","-16,721","-30,540",0,"-45,855",-184,"1,268","235,702","46,537","254,399","2,254",2.30,0.90,2.04,,"68,161","1,008",999,"70,177","32,447","1,893","100,731","430,758","567,179",0.36,0.39
CISO,11Mar2025,Pacific,N,"535,829","548,144","410,666","-132,294",40,"175,893","39,112","1,081",,"59,447",,"84,427",,"48,310",,,,,"2,358",,"-12,863","-1,029","-7,011",979,,"-6,992","-23,008","-31,249",0,"-48,982",3,"-2,142","230,416","54,633","261,217","1,881",2.28,0.90,2.03,,"71,477",997,971,"73,496","38,807","1,518","110,785","432,114","564,408",0.37,0.43
CISO,12Mar2025,Pacific,N,"554,341","573,851","454,902","-118,697",4,"210,375","38,974","1,096",,"58,888",,"88,096",,"58,467",,,,,-999,,"-13,962","1,385","-8,841",893,,"-7,510","-18,745","-30,114",0,"-40,060",157,"-1,900","259,012","50,232","262,492","2,115",2.28,0.89,2.04,,"85,351","1,012","1,020","87,393","34,817",963,"121,247","479,446","598,143",0.40,0.45
CISO,13Mar2025,Pacific,N,"548,167","572,437","429,084","-144,004",17,"165,932","38,569","1,096",,"60,521",,"87,867",,"87,088",,,,,"-12,001",,"-12,018","1,865","-32,857","1,744",,"-5,797","-22,082","-32,307",0,"-40,382",-15,"-2,155","248,253","53,737","268,110","2,334",2.28,0.90,2.04,,"67,428","1,012","1,117","69,579","35,895","1,019","104,456","460,617","604,621",0.33,0.38
CISO,14Mar2025,Pacific,N,"570,593","599,185","469,590","-123,497",10,"208,784","38,958","1,095",,"62,510",,"75,451",,"82,189",,,,,593,,"-13,654","4,883","-11,651","1,647",,"-6,842","-12,457","-40,347",0,"-42,922",209,"-2,363","260,501","56,323","280,044","2,319",2.29,0.90,2.04,,"85,028","1,012","1,075","87,136","37,372","1,593","122,915","492,479","615,976",0.39,0.44
CISO,15Mar2025,Pacific,N,"466,782","515,104","410,378","-102,072",16,"135,455","51,657","1,104",,"60,576",,"98,308",,"70,033",,,,,"-6,764",,"-11,480",498,"-12,262",-222,,"-7,560","-5,647","-27,711",0,"-37,584",-34,-70,"224,174","44,332","244,172","2,428",2.28,0.90,2.04,,"55,225","1,020","1,174","57,438","27,484","2,055","82,867","445,121","547,193",0.28,0.33
CISO,16Mar2025,Pacific,N,"459,359","501,132","391,204","-111,730",22,"131,705","54,592","1,104",,"62,700",,"101,499",,"45,764",,,,,"-6,177",,"-11,814",690,"-6,644",313,,"-7,798","-15,710","-30,155",0,"-40,046",-100,-466,"224,725","42,586","231,571","2,251",2.27,0.90,2.04,23,"53,591","1,020","1,120","55,753","29,177","1,789","83,141","427,028","538,758",0.29,0.34
CISO,17Mar2025,Pacific,N,"526,418","556,976","431,458","-127,538",15,"150,216","54,601","1,095",,"61,829",,"91,474",,"78,939",,,,,"-6,709",,"-13,116","3,682","-20,542","1,072",,"-7,245","-17,987","-28,550",0,"-43,429",47,"-1,470","249,327","47,171","258,331","2,149",2.29,0.90,2.03,16,"61,189","1,008","1,199","63,411","31,371","1,092","93,690","466,310","593,848",0.30,0.35
CISO,18Mar2025,Pacific,N,"513,736","537,357","428,722","-104,368",-4,"139,027","54,674","1,103",,"61,682",,"98,234",,"76,884",,,,,"-2,875",,"-11,291",-441,"-5,954","1,965",,"-7,340","-11,723","-28,639",0,"-41,327",-107,489,"233,154","45,123","256,706","2,373",2.29,0.90,2.03,,"56,640","1,016","1,222","58,879","27,122","2,619","83,382","461,202","565,570",0.28,0.33
CISO,19Mar2025,Pacific,N,"505,744","548,668","433,230","-113,269",-2,"180,151","54,687","1,073",,"62,677",,"106,114",,"26,872",,,,,"1,661",,"-9,431","-13,033","-3,199","3,223",,"-8,399","-11,735","-29,992",0,"-41,329",-86,712,"241,792","45,885","258,659","2,331",2.29,0.90,2.04,,"73,259",991,"1,088","75,342","28,867","2,205","102,004","467,095","580,364",0.36,0.39
CISO,20Mar2025,Pacific,N,"495,534","536,792","427,272","-101,153",-1,"152,246","54,681","1,080",,"62,579",,"105,281",,"62,497",,,,,"-11,096",,"-6,510","-6,707","-3,073","5,039",,"-6,177","-15,242","-26,887",0,"-42,589",-46,"1,039","230,994","46,249","257,331","2,220",2.27,0.89,2.03,,"61,764",994,"1,184","63,946","26,625","3,940","86,631","464,527","565,680",0.30,0.34
CISO,21Mar2025,Pacific,N,"494,049","531,679","417,327","-115,015",8,"124,046","54,729","1,096",,"64,338",,"117,311",,"60,437",,,,,"-4,640",,"-7,861","-9,530","-4,391","3,664",,"-6,853","-22,417","-27,594",0,"-40,150",-152,269,"232,483","44,059","253,230","1,908",2.29,0.90,2.03,,"50,436","1,010","1,237","52,694","27,793","2,630","77,857","450,150","565,165",0.26,0.30
CISO,22Mar2025,Pacific,N,"450,760","492,083","398,027","-92,523",35,"94,904","54,767","1,098",,"65,933",,"101,869",,"86,573",,,,,"-7,151",,"-9,405","-13,424","-6,821","2,842",,"-5,102","2,199","-27,202",0,"-36,344",44,690,"218,030","39,956","232,101","1,999",2.29,0.90,2.04,,"38,667","1,014","1,275","40,999","21,959","3,144","59,814","431,068","523,591",0.21,0.25
CISO,23Mar2025,Pacific,N,"441,369","468,781","383,169","-85,428",3,"108,882","54,762","1,098",,"64,954",,"119,360",,"37,985",,,,,"-3,872",,"-4,122","-11,853","-5,304","3,381",,"-4,890","-2,981","-27,366",0,"-34,117",-64,"1,888","202,789","40,889","223,160","1,942",2.32,0.90,2.04,,"44,267","1,014","1,169","46,474","20,880","3,382","63,973","417,070","502,498",0.25,0.28
CISO,24Mar2025,Pacific,N,"518,452","535,205","426,335","-113,512",-54,"145,738","54,719","1,057",,"66,488",,"141,233",,"19,470",,,,,"-2,315",,"-5,991","-15,405","-11,520","2,225",,"-4,572","-15,468","-29,606",0,"-34,544",-234,"1,603","228,563","44,038","260,587","2,016",2.28,0.90,2.03,,"59,279",972,"1,182","61,439","25,059","1,868","84,630","457,341","570,853",0.30,0.33
CISO,25Mar2025,Pacific,N,"538,805","545,753","461,045","-85,098",-96,"166,930","54,617","1,059",,"71,786",,"155,499",,"14,561",,,,,"-3,314",,"-2,442","-10,191","-6,935","1,070",,"-4,640","-10,071","-25,093",0,"-28,360",-114,"1,678","239,086","43,417","261,230","2,014",2.28,0.89,2.03,,"67,627",975,"1,227","69,829","22,198","2,144","89,883","490,303","575,401",0.31,0.34
CISO,26Mar2025,Pacific,N,"514,875","560,088","470,117","-87,482",-100,"133,165","54,577","1,020",,"70,285",,"152,092",,"59,776",,,,,-702,,"-3,093","-10,056","-13,019","2,277",,"-4,227","-8,598","-23,563",0,"-29,369",-126,"2,292","234,736","53,417","269,913","2,018",2.28,0.90,2.03,,"54,136",939,"1,383","56,458","21,113","2,096","75,476","497,698","585,180",0.25,0.28
CISO,27Mar2025,Pacific,N,"509,727","540,937","454,346","-90,150",-129,"119,030","54,558","1,078",,"67,128",,"127,875",,"92,387",,,,,"-7,584",,"-2,582","-11,029","-15,717","1,262",,"-5,631","-6,575","-22,611",0,"-26,938",-205,-124,"237,361","47,098","254,489","1,987",2.28,0.90,2.03,,"48,473",991,"1,413","50,878","17,528","2,177","66,228","491,334","581,484",0.23,0.25
CISO,28Mar2025,Pacific,N,"497,606","542,862","454,180","-92,603",-132,"109,916","54,571","1,098",,"73,001",,"115,170",,"107,731",,,,,"-7,175",,"-7,050","-12,893","-15,550","2,306",,"-6,496","-3,003","-22,809",0,"-26,218",-133,-757,"237,348","47,206","256,438","1,869",2.29,0.90,2.03,,"44,775","1,010","1,439","47,224","18,009","2,234","62,999","489,063","581,666",0.21,0.24
CISO,29Mar2025,Pacific,N,"443,182","488,810","430,613","-59,168",-6,"112,277","54,647","1,085",,"71,745",,"107,758",,"83,260",,,,,-150,,"-4,488","-6,331","-9,024","3,575",,"-6,488","5,997","-21,151",0,"-22,401",-17,"1,160","209,713","43,600","233,703","1,798",2.30,0.90,2.03,,"45,687",998,"1,341","48,049","15,745","4,800","58,994","465,787","524,955",0.23,0.25
CISO,30Mar2025,Pacific,N,"461,842","503,650","428,995","-75,978",22,"118,469","54,636",623,,"66,531",,"112,069",,"82,796",,,,,"-6,145",,"-6,287","-7,860","-14,660","3,916",,"-8,143",-12,"-21,875",0,"-20,289",26,-794,"221,233","43,083","237,451","1,890",2.28,0.90,2.03,,"48,112",,"1,318","50,047","16,267","2,309","64,005","465,460","541,438",0.24,0.26
CISO,31Mar2025,Pacific,N,"518,923","560,849","447,881","-118,737",2,"119,305","54,593",-48,,"67,095",,"117,627",,"92,715",,,,,"-3,404",,"-7,734","-15,429","-19,569","1,374",,"-9,524","-15,882","-23,462",0,"-25,223",1,"-3,289","241,410","52,104","265,372","1,963",2.27,0.89,2.02,,"48,352",,"1,375","49,740","19,987",580,"69,147","480,583","599,320",0.23,0.25
CISO,01Apr2025,Pacific,N,"523,370","561,278","445,177","-115,683",-22,"124,757","54,609",-37,,"67,623",,"107,627",,"89,292",,,,,"1,327",,"-12,048","-15,479","-16,031","3,055",,"-8,908","-14,830","-23,603",0,"-23,708",-71,"-4,060","253,918","46,694","258,761","1,898",2.29,0.90,2.03,,"50,918",,"1,334","52,257","19,971","1,436","70,792","475,236","590,919",0.24,0.26
CISO,02Apr2025,Pacific,N,"505,877","549,480","466,806","-83,192",-33,"140,534","54,639",-24,,"70,293",,"120,361",,"88,071",,,,,"-7,028",,"-6,613","-10,654","-12,105","2,408",,"-10,652","-1,356","-24,055",0,"-15,833",78,"-4,410","242,280","45,008","260,146","2,048",2.29,0.89,2.03,,"57,039",,"1,378","58,416","16,378","2,393","72,402","502,479","585,671",0.26,0.27
CISO,03Apr2025,Pacific,N,"506,172","540,501","476,666","-69,885",35,"149,109","54,708",-20,,"64,502",,"141,743",,"70,943",,,,,"-4,355",,"-6,538","-5,153","-5,044","1,322",,"-10,928","-3,851","-22,241",0,"-13,805",29,"-3,676","234,474","46,598","257,129","2,301",2.29,0.90,2.03,36,"60,545",,"1,376","61,958","15,718","2,432","75,244","510,816","580,701",0.27,0.29
CISO,04Apr2025,Pacific,N,"484,075","544,727","487,371","-62,341",27,"158,873","54,738",0,,"66,828",,"155,962",,"56,216",,,,,"-5,269",,"-3,154","-2,971","-2,047","3,911",,"-10,437","-6,966","-22,546",0,"-13,276",68,"-4,923","234,357","44,665","263,533","2,174",2.29,0.89,,28,"64,391",0,"1,390","65,809","15,254","3,153","77,911","524,115","586,456",0.28,0.29
CISO,05Apr2025,Pacific,N,"446,406","495,540","436,056","-63,625",25,"158,905","54,688",0,,"60,743",,"120,382",,"43,270",,,,,"-1,957",,"-3,810",628,"1,044","4,059",,"-10,664","-7,036","-22,855",0,"-20,275",261,"-4,977","213,525","39,848","240,188","1,976",2.29,0.90,,26,"64,594",0,"1,198","65,817","14,450","3,058","77,209","473,604","537,229",0.31,0.32
CISO,06Apr2025,Pacific,N,"440,508","490,071","430,952","-55,060",21,"161,078","54,696",0,,"55,017",,"130,197",,"33,404",,,,,"-3,455",,-380,"1,720","2,468","2,324",,"-9,744","-8,844","-22,213",0,"-16,835",254,"-3,810","212,950","39,600","235,497","2,019",2.29,0.89,,,"65,316",0,"1,166","66,505","13,018","3,173","76,351","467,393","522,453",0.31,0.32
CISO,07Apr2025,Pacific,N,"506,828","545,631","481,897","-66,965",19,"146,478","54,692",0,,"63,661",,"155,768",,"64,348",,,,,"-3,060",,"-5,253","-7,942","-4,888","1,083",,"-10,858","1,392","-20,259",0,"-17,176",81,"-3,145","239,666","43,283","260,896","1,781",2.29,0.89,,,"59,422",0,"1,412","60,856","15,250","2,921","73,186","517,548","584,513",0.26,0.28
CISO,08Apr2025,Pacific,N,"507,636","549,261","484,793","-74,184",15,"144,407","54,704",0,,"70,226",,"142,333",,"82,552",,,,,"-9,431",,"-13,752","-4,119","-5,347","2,038",,"-8,770","3,290","-21,763",0,"-23,318",102,"-2,545","232,354","45,310","269,596","1,997",2.29,0.90,,16,"58,677",0,"1,442","60,134","17,795","3,225","74,705","523,205","597,389",0.25,0.28
CISO,09Apr2025,Pacific,N,"528,031","566,383","498,625","-73,724",13,"163,619","54,735",0,,"69,427",,"162,677",,"48,874",,,,,-709,,"-8,307","-3,593","-6,088","3,121",,"-9,014","-5,081","-24,628",0,"-19,716",86,-504,"239,157","45,729","279,429","2,070",2.29,0.89,,14,"66,273",0,"1,409","67,695","18,040","2,926","82,808","533,744","607,468",0.28,0.30
CISO,10Apr2025,Pacific,N,"537,655","566,487","486,762","-79,502",7,"180,094","54,667",0,,"61,914",,"151,781",,"37,963",,,,,340,,"-5,910","-7,953","-11,398","2,268",,"-7,603","-9,849","-24,389",0,"-14,221",99,-546,"246,493","42,819","275,163","2,013",2.28,0.89,,,"72,947",0,"1,266","74,224","17,830","2,352","89,702","512,694","592,196",0.32,0.33
CISO,11Apr2025,Pacific,N,"537,528","584,440","507,039","-79,441",8,"152,972","54,535",-17,,"72,230",,"169,371",,"63,315",,,,,"-5,376",,"-4,863","-8,818","-14,892","3,359",,"-7,045","-8,139","-22,576",0,"-15,545",109,"-1,031","247,963","43,811","290,608","2,050",2.29,0.89,2.03,,"62,065",,"1,490","63,566","16,575","2,218","77,922","544,368","623,809",0.26,0.28
CISO,12Apr2025,Pacific,N,"466,064","527,399","458,712","-73,476",15,"129,571","53,700",-39,,"67,201",,"135,125",,"86,570",,,,,"-13,427",,"-6,888","-7,685","-13,468","5,049",,"-6,354","-2,391","-17,517",0,"-21,454",60,"-2,828","218,613","41,889","264,895","2,007",2.29,0.90,2.03,16,"52,816",,"1,407","54,238","16,469","3,215","67,492","499,150","572,626",0.24,0.26
CISO,13Apr2025,Pacific,N,"457,074","504,787","447,145","-61,384",29,"146,485","27,448",242,,"72,070",,"145,708",,"57,531",,,,,"-2,372",,"-8,763","-2,056","-6,558","1,704",,"-7,752","2,305","-22,376",0,"-16,188",29,"-1,729","211,326","41,268","250,212","1,986",2.29,0.90,2.03,,"59,532",,"1,286","61,126","16,070","2,920","74,275","484,766","546,150",0.28,0.30
CISO,14Apr2025,Pacific,N,"519,089","559,201","490,861","-70,786",8,"204,353","27,202",978,,"79,882",,"144,705",,"35,939",,,,,"-2,201",,"-5,009","-4,883","-10,028","1,707",,"-7,783",188,"-23,161",0,"-18,884",273,"-3,206","239,932","45,586","271,718","1,962",2.29,0.90,2.03,,"83,138",898,"1,216","85,262","16,697","2,283","99,676","524,718","595,504",0.36,0.37
CISO,15Apr2025,Pacific,N,"528,116","576,120","504,999","-78,802",21,"182,739","27,214",758,,"77,426",,"165,584",,"52,455",,,,,"-1,198",,"-10,943","-4,851","-11,126","1,119",,"-10,233","-2,022","-20,542",0,"-18,046",344,"-2,502","247,201","48,736","278,122","2,064",2.29,0.90,2.02,22,"74,324",696,"1,337","76,378","18,549","2,227","92,701","534,693","613,495",0.31,0.33
CISO,16Apr2025,Pacific,N,"522,201","577,139","499,329","-88,553",21,"166,995","27,228","1,101",,"67,002",,"161,055",,"89,100",,,,,"-13,174",,"-12,573","-4,850","-9,646",126,,"-10,424","-8,852","-19,968",0,"-18,497",308,"-4,177","246,429","48,502","280,138","2,069",2.29,0.90,2.02,22,"67,949","1,010","1,411","70,392","17,872","2,078","86,186","538,853","627,406",0.29,0.30
CISO,17Apr2025,Pacific,N,"535,665","581,689","492,436","-101,420",12,"138,545","27,230","1,099",,"72,675",,"142,507",,"112,141",,,,,"-1,764",,"-19,306","-12,168","-13,066","2,586",,"-11,486","2,806","-21,223",0,"-23,451",-20,"-6,092","253,430","47,174","279,113","1,972",2.29,0.90,2.02,12,"56,302","1,009","1,462","58,786","19,367","1,808","76,345","523,808","625,228",0.25,0.27
CISO,18Apr2025,Pacific,N,"514,253","561,721","500,511","-71,846",0,"132,928","27,221","1,105",,"76,454",,"150,320",,"111,256",,,,,"1,230",,"-12,529","-7,382","-5,197",-76,,"-11,034","7,199","-18,790",0,"-18,555",-169,"-5,313","240,308","49,374","270,222","1,824",,0.89,2.03,0,"53,908","1,017","1,493","56,418","16,714","2,515","70,617","526,345","598,191",0.24,0.26
CISO,19Apr2025,Pacific,N,"452,825","503,780","413,107","-90,151",0,"140,427","27,226","1,106",,"71,305",,"141,414",,"41,933",,,,,"-10,304",,"-4,015","-7,283","-11,857",860,,"-9,772","-8,908","-23,301",0,"-22,059",100,"-3,916","219,097","40,251","242,496","1,937",,0.89,2.03,0,"56,951","1,016","1,181","59,148","16,067","2,559","72,656","451,950","542,101",0.29,0.30
CISO,20Apr2025,Pacific,N,"454,165","481,926","399,509","-80,256",0,"128,726","27,227","1,103",,"65,510",,"135,712",,"44,019",,,,,"-2,783",,"-4,219","-5,384","-9,359","1,925",,"-8,728","-4,681","-22,917",0,"-24,995",99,"-1,997","208,757","39,184","232,073","1,912",,0.89,2.03,0,"52,164","1,014","1,165","54,342","14,566","3,175","65,733","435,986","516,242",0.27,0.28
CISO,21Apr2025,Pacific,N,"504,354","548,060","472,454","-76,823",0,"147,224","27,242","1,108",,"72,958",,"173,555",,"49,651",,,,,715,,"-1,561","-6,559","-11,817",447,,"-10,228","-5,809","-24,796",0,"-14,991",-10,"-1,499","237,782","42,099","266,159","2,022",,0.89,2.03,0,"59,701","1,019","1,377","62,097","15,393","2,547","74,944","510,257","587,080",0.27,0.28
CISO,22Apr2025,Pacific,N,"511,788","551,988","512,638","-44,728",0,"178,258","27,222","1,104",,"76,311",,"175,544",,"58,221",,,,,"-4,026",,"-2,285","1,312","1,279",703,,"-10,409",588,"-20,681",0,"-13,830",106,"-1,511","243,844","41,832","264,336","1,975",,0.89,2.03,0,"72,327","1,016","1,390","74,733","16,046","3,851","86,929","544,656","589,384",0.30,0.33
CISO,23Apr2025,Pacific,N,"509,552","565,783","549,911","-28,585",0,"183,692","27,219","1,105",,"72,995",,"169,118",,"107,535",,,,,"-11,758",,"-4,256","3,841","11,053","1,631",,"-9,399","5,844","-19,233",0,"-16,298",209,"-1,977","240,124","45,315","278,340","2,009",,0.89,2.03,0,"74,557","1,015","1,536","77,109","14,342","4,822","86,629","588,337","616,922",0.29,0.31
CISO,24Apr2025,Pacific,N,"514,124","564,229","546,916","-30,873",0,"180,192","27,229","1,112",,"74,574",,"175,818",,"91,489",,,,,"-3,502",,"-3,604","2,354","5,017",862,,"-10,447","8,844","-17,573",0,"-14,360",138,"-2,104","251,601","42,141","268,543","1,940",,0.89,2.03,0,"72,931","1,022","1,517","75,469","13,077","4,052","84,494","579,883","610,756",0.29,0.30
CISO,25Apr2025,Pacific,N,"526,119","576,687","518,738","-70,478",0,"187,085","27,230","1,106",,"66,920",,"162,250",,"77,047",,,,,"-2,901",,"-4,726","-6,672","-10,650",815,,"-11,191","-1,786","-23,735",0,"-10,731",56,"-1,858","256,524","46,661","271,605","1,898",,0.89,2.03,0,"75,752","1,017","1,389","78,157","15,962","1,896","92,223","553,079","623,557",0.31,0.33
CISO,26Apr2025,Pacific,N,"504,648","531,991","436,185","-103,836",0,"159,816","27,207","1,102",,"63,054",,"132,811",,"56,428",,,,,"-4,235",,"-14,385","-7,667","-19,333",104,,"-10,778","-11,709","-25,199",0,"-13,447",-3,"-1,419","234,020","41,794","254,316","1,861",,0.90,2.03,0,"64,884","1,014","1,167","67,065","19,748",946,"85,866","467,565","571,401",0.32,0.33
CISO,27Apr2025,Pacific,N,"486,527","519,193","417,953","-109,308",0,"144,116","27,197",545,,"57,902",,"123,445",,"68,266",,,,,"-3,515",,"-18,536","-7,952","-19,367",569,,"-11,258","-6,133","-21,384",0,"-23,901",17,"-1,363","231,769","40,747","244,857","1,821",,0.90,2.03,0,"58,563",,"1,162","60,267","19,956","1,186","79,037","450,027","559,335",0.30,0.31
CISO,28Apr2025,Pacific,N,"503,127","544,501","470,675","-79,846",0,"152,143","27,219",741,,"66,642",,"157,897",,"74,875",,,,,"-8,843",,"-12,465","-4,181","-11,308","2,553",,"-11,115","-2,596","-20,704",0,"-19,589",-14,-427,"232,129","45,247","265,201","1,925",,0.90,2.03,0,"61,854",,"1,353","63,910","17,518","2,542","78,886","508,281","588,127",0.28,0.30
CISO,29Apr2025,Pacific,N,"521,654","556,790","469,055","-94,892",0,"168,023","27,234","1,104",,"63,597",,"165,417",,"45,010",,,,,"-1,331",,"-11,194","-8,030","-13,330","2,612",,"-9,827","-6,710","-24,051",0,"-22,503",6,"-1,865","241,616","42,401","270,797","1,976",,0.89,2.03,0,"68,067","1,015","1,287","70,370","20,002","2,030","88,342","507,376","602,268",0.31,0.32
CISO,30Apr2025,Pacific,N,"522,775","567,286","501,466","-72,485",0,"164,488","27,201","1,104",,"74,817",,"172,359",,"59,718",,,,,"1,771",,"-14,842","-5,640","-6,546","1,669",,"-8,873","2,901","-23,135",82,"-15,158",-26,"-2,917","250,163","44,027","271,080","2,021",,0.89,2.03,0,"66,522","1,014","1,392","68,929","20,076","2,577","86,428","531,319","603,804",0.29,0.32
CISO,01May2025,Pacific,N,"526,343","570,536","522,712","-56,479",0,"207,495","27,191","1,104",,"72,640",,"168,506",,"52,175",,,,,"-6,403",,"-18,292",-525,"4,410",271,,"-9,369","9,019","-26,119",182,"-11,850",34,"-4,240","248,898","43,190","276,514","1,936",,0.89,2.03,0,"83,965","1,014","1,346","86,326","20,055","3,369","103,012","562,308","618,787",0.34,0.37
CISO,02May2025,Pacific,N,"523,893","573,289","529,370","-52,558",0,"189,022","27,193","1,103",,"69,020",,"186,413",,"64,529",,,,,"-7,913",,"-18,942",-711,"7,347",397,,"-9,193","4,441","-21,643",381,"-11,766",-28,"-2,841","248,871","47,206","275,138","2,080",,0.90,2.02,0,"76,789","1,013","1,436","79,238","19,475","3,977","94,736","567,510","620,068",0.31,0.34
CISO,03May2025,Pacific,N,"486,986","537,260","462,004","-79,936",0,"134,386","27,207","1,104",,"64,501",,"142,956",,"93,539",,,,,"-1,691",,"-19,322","-9,480","-6,218","2,478",,"-9,487","4,642","-23,864",151,"-13,865",-119,"-4,852","230,083","47,989","257,388","1,799",,0.89,2.03,0,"54,443","1,015","1,351","56,808","21,038","2,564","75,282","490,449","570,385",0.26,0.29
CISO,04May2025,Pacific,N,"480,173","505,596","447,661","-61,233",0,"127,795","27,239","1,104",,"63,787",,"126,097",,"107,734",,,,,"-6,100",,"-21,614","-3,840","5,870",752,,"-11,049","15,263","-23,811",361,"-17,929",-310,"-4,926","210,889","46,761","246,221","1,730",,0.90,2.03,0,"52,043","1,016","1,320","54,380","23,349","4,195","73,533","475,828","537,061",0.25,0.30
CISO,05May2025,Pacific,N,"547,570","569,712","490,976","-77,833",0,"181,767","27,215","1,104",,"72,262",,"135,563",,"75,826",,,,,"-2,759",,"-26,497","-3,507","4,283","1,758",,"-10,285","21,573","-34,467",310,"-24,245",-197,"-6,559","242,249","51,831","273,878","1,762",,0.89,2.03,0,"73,779","1,016","1,277","76,072","28,397","5,012","99,457","518,498","596,331",0.32,0.37
CISO,06May2025,Pacific,N,"534,428","578,349","525,838","-51,957",0,"185,892","27,188","1,102",,"79,620",,"170,988",,"64,426",,,,,"-3,382",,"-19,871","-12,091","8,295",762,,"-10,945","33,707","-30,817",274,"-14,652",-252,"-6,367","251,559","50,309","274,535","1,945",,0.89,2.03,0,"75,344","1,015","1,398","77,756","23,142","6,228","94,671","554,265","606,222",0.31,0.34
CISO,07May2025,Pacific,N,"528,487","570,803","508,163","-62,999",0,"188,567","27,178","1,104",,"77,722",,"186,055",,"38,888",,,,,"-11,342",,"-15,713","-9,395",-44,"1,658",,"-9,601","18,860","-32,193",-84,"-11,955",-164,"-4,368","250,674","44,033","274,088","2,010",,0.89,2.03,0,"76,359","1,016","1,364","78,739","21,082","4,192","95,629","548,150","611,149",0.32,0.34
CISO,08May2025,Pacific,N,"555,250","588,535","530,227","-58,174",0,"207,142","27,197","1,097",,"75,956",,"192,384",,"24,023",,,,,"2,441",,"-13,637","-7,694",-757,"3,521",,"-9,695","17,165","-31,796",-316,"-9,768",-221,"-4,976","259,427","44,631","282,378","2,105",,0.89,2.03,0,"83,771","1,010","1,350","86,132","19,542","4,996","100,678","563,015","621,189",0.34,0.36
CISO,09May2025,Pacific,N,"602,668","641,675","580,504","-63,541",0,"256,615","27,185","1,076",,"83,274",,"195,064",,"21,034",,,,,"-3,744",,"-12,915","-13,348","4,031","5,245",,"-7,436","14,879","-38,122",-195,"-11,585",-204,"-3,891","274,840","48,621","316,081","2,133",,0.89,2.03,0,"103,974",991,"1,375","106,341","22,284","4,894","123,731","619,064","682,605",0.38,0.40
CISO,10May2025,Pacific,N,"594,258","633,201","552,283","-82,700",0,"224,627","27,198","1,104",,"78,578",,"192,320",,"34,734",,,,,"-6,277",,"-10,366","-16,558","-4,420","4,891",,"-7,902","1,718","-34,996",-330,"-12,604",62,"-2,195","257,915","49,794","323,240","2,252",,0.89,2.03,0,"91,156","1,016","1,392","93,564","22,191","2,618","113,138","591,497","674,197",0.35,0.37
CISO,11May2025,Pacific,N,"541,468","572,294","518,739","-53,593",0,"183,486","27,202","1,104",,"66,093",,"177,890",,"69,573",,,,,"-6,604",,"-7,832","-14,333","3,667","4,553",,"-7,878","14,634","-32,981",-196,"-11,632",10,"-1,605","225,494","48,690","295,836","2,275",,0.89,2.03,0,"74,415","1,016","1,388","76,819","19,774","4,446","92,147","549,254","602,847",0.31,0.34
CISO,12May2025,Pacific,N,"560,418","586,508","518,920","-74,477",0,"169,262","27,214","1,074",,"66,391",,"160,289",,"106,845",,,,,"-12,166",,"-9,262","-14,246","-2,612","4,935",,"-8,735","1,451","-30,315",-218,"-12,706",41,"-2,810","249,007","46,173","289,172","2,155",,0.89,2.03,0,"68,594",989,"1,471","71,054","17,961","2,734","86,280","556,721","631,198",0.28,0.30
CISO,13May2025,Pacific,N,"521,840","571,655","493,642","-90,949",0,"132,645","27,209","1,100",,"62,589",,"167,614",,"103,536",,,,,"-1,048",,"-10,247","-13,659","-8,373","1,171",,"-12,914","-11,366","-24,194",-347,"-9,322",233,"-1,931","253,167","44,337","272,179","1,974",,0.89,2.03,0,"53,806","1,012","1,509","56,327","17,706","1,975","72,058","530,123","621,072",0.23,0.26
CISO,14May2025,Pacific,N,"521,499","569,447","462,356","-106,262",0,"126,242","27,217","1,104",,"66,827",,"168,238",,"80,093",,,,,"-7,362",,"-13,264","-15,123","-7,943","1,444",,"-13,033","-15,565","-24,292",-345,"-16,198",285,"-2,228","254,248","41,711","271,540","1,947",,0.89,2.03,0,"51,074","1,015","1,425","53,514","20,006","2,338","71,182","501,794","608,056",0.24,0.26
CISO,15May2025,Pacific,N,"531,861","583,063","463,905","-117,300",0,"142,503","27,218","1,105",,"67,011",,"173,924",,"54,464",,,,,"-2,326",,"-17,055","-15,996","-9,312","1,169",,"-12,611","-12,632","-29,184",-238,"-18,994",182,"-2,629","260,698","42,532","277,786","2,042",,0.89,2.03,0,"57,702","1,015","1,358","60,075","21,057","1,480","79,651","500,349","617,649",0.26,0.28
CISO,16May2025,Pacific,N,"531,749","591,749","511,857","-84,202",0,"158,482","27,198","1,103",,"68,007",,"183,968",,"73,876",,,,,-786,,"-20,354","-8,107",349,"1,154",,"-10,233",-251,"-26,511",-37,"-17,256",120,"-3,076","265,009","44,974","279,717","2,047",,0.89,2.03,0,"64,245","1,013","1,484","66,743","21,729","2,602","85,870","549,637","633,839",0.27,0.30
CISO,17May2025,Pacific,N,"501,649","540,939","488,868","-61,871",0,"134,028","27,157","1,102",,"64,189",,"159,608",,"108,953",,,,,"-6,167",,"-18,419","-4,775","5,104","1,909",,"-11,082","2,363","-20,646",-86,"-13,052",-42,"-3,145","232,263","46,887","259,876","1,915",,0.90,2.03,0,"54,442","1,013","1,482","56,937","19,074","3,089","72,922","524,482","586,353",0.24,0.27
CISO,18May2025,Pacific,N,"466,819","513,635","421,302","-89,671",0,"111,193","27,160","1,104",,"55,855",,"134,289",,"98,965",,,,,"-7,252",,"-20,377","-7,862","-3,256","3,867",,"-9,633","-6,323","-25,590",-421,"-19,127",-134,-815,"221,364","45,643","244,724","1,902",,0.90,2.03,0,"45,283","1,015","1,327","47,624","20,520","3,099","65,046","460,868","550,539",0.23,0.26
CISO,19May2025,Pacific,N,"555,482","596,583","506,289","-100,259",0,"139,096","35,037",665,,"65,422",,"183,172",,"84,226",,,,,"-1,322",,"-23,118","-9,455","-6,653","2,130",,"-9,718","-8,052","-20,665",-440,"-21,055",-62,"-3,171","263,678","44,438","286,404","2,067",,0.90,2.03,0,"56,524",,"1,544","58,702","21,806","1,708","78,801","545,593","645,852",0.24,0.27
CISO,20May2025,Pacific,N,"598,344","638,795","527,622","-118,334",0,"147,810","37,022","1,099",,"70,323",,"200,503",,"74,288",,,,,"-3,419",,"-20,027","-19,046","-11,725","4,304",,"-8,558","-21,162","-18,126",-489,"-20,756",-166,"-2,583","270,902","48,503","317,221","2,170",,0.90,2.03,0,"60,014","1,011","1,593","62,617","26,593","1,337","87,873","567,371","685,705",0.24,0.28
CISO,21May2025,Pacific,N,"621,757","652,230","575,327","-80,367",0,"195,600","43,336","1,104",,"74,721",,"202,983",,"64,110",,,,,"-6,526",,"-16,343","-12,528","-2,717","3,560",,"-7,446","2,167","-27,519",-359,"-18,054",96,"-1,224","276,001","49,456","324,473","2,298",,0.90,2.03,0,"79,478","1,016","1,588","82,083","24,128","3,106","103,104","614,003","694,370",0.29,0.33
CISO,22May2025,Pacific,N,"604,654","639,378","620,311","-31,358",0,"193,809","54,255","1,104",,"72,762",,"197,800",,"105,776",,,,,"-5,205",,"-12,804","-1,765","5,423","4,672",,"-8,239","18,511","-21,459",-380,"-15,179",285,-423,"270,359","47,429","319,251","2,344",,0.89,2.03,0,"78,629","1,015","1,768","81,411","17,511","5,223","93,699","659,384","690,742",0.27,0.30
CISO,23May2025,Pacific,N,"563,725","604,138","573,785","-42,061",0,"154,240","54,667","1,099",,"75,038",,"190,286",,"99,219",,,,,-773,,"-14,453","-6,429","5,478","4,532",,"-8,741","16,096","-23,150",-404,"-13,852",10,"-1,148","256,408","46,651","298,742","2,340",,0.89,2.03,0,"62,528","1,011","1,725","65,264","19,827","4,398","80,693","608,662","650,723",0.24,0.27
CISO,24May2025,Pacific,N,"498,482","549,447","527,061","-27,641",0,"133,875","54,688","1,104",,"69,806",,"165,867",,"110,478",,,,,"-8,750",,"-14,066","-3,129","11,992","3,232",,"-8,789","21,116","-23,163",-296,"-12,855",-3,"-1,680","239,217","41,494","266,540","2,198",,0.89,2.03,0,"54,257","1,016","1,646","56,919","19,569","5,579","70,910","567,565","595,206",0.22,0.26
CISO,25May2025,Pacific,N,"475,950","524,574","501,048","-26,037",0,"116,683","54,698","1,103",,"68,705",,"167,081",,"100,167",,,,,"-7,385",,"-13,793","-1,905","10,206","3,184",,"-9,254","18,229","-18,661",-398,"-12,888",-69,-688,"226,168","40,976","255,206","2,228",,0.89,2.03,0,"47,332","1,015","1,612","49,959","17,708","5,649","62,018","541,438","567,475",0.20,0.24
CISO,26May2025,Pacific,N,"497,910","544,281","508,961","-38,200",0,"117,902","54,712","1,098",,"65,856",,"167,686",,"105,579",,,,,"-3,871",,"-12,802","-6,782","4,499","4,727",,"-7,799","11,091","-18,101",-513,"-11,701",-70,-749,"236,093","44,773","261,142","2,274",,0.89,2.03,0,"47,774","1,011","1,627","50,412","17,554","4,591","63,374","546,617","584,817",0.20,0.24
CISO,27May2025,Pacific,N,"541,909","591,913","556,174","-37,624",0,"182,063","54,752","1,104",,"75,359",,"195,029",,"47,220",,,,,648,,"-14,216","-4,518","5,362","3,928",,"-10,422","20,631","-22,576",-224,"-15,289",43,-343,"262,190","46,870","280,487","2,364",,0.89,2.03,0,"73,831","1,016","1,545","76,392","18,855","5,093","90,155","589,163","626,787",0.29,0.32
CISO,28May2025,Pacific,N,"560,315","615,414","571,063","-45,663",0,"199,715","54,724","1,104",,"75,467",,"183,863",,"59,038",,,,,"-2,845",,"-14,165","-1,182","5,915","4,916",,"-9,438","8,600","-23,444",-12,"-15,933",198,"-1,118","270,219","51,165","291,702","2,329",,0.89,2.03,0,"80,836","1,015","1,523","83,375","19,687","4,619","98,442","600,890","646,553",0.31,0.34
CISO,29May2025,Pacific,N,"589,146","630,318","551,986","-81,993",0,"183,803","54,740","1,103",,"69,530",,"181,808",,"74,009",,,,,"-13,003",,"-10,821","-17,169","-12,292","4,804",,"-8,540","-5,430","-16,472",-505,"-15,934",59,307,"277,408","50,409","300,041","2,461",,0.89,2.03,0,"74,413","1,015","1,538","76,967","18,336","1,761","93,542","589,028","671,021",0.29,0.31
CISO,30May2025,Pacific,N,"670,296","697,980","624,935","-79,861",0,"276,454","54,739","1,103",,"72,923",,"194,021",,"25,408",,,,,289,,"-14,476","-7,805","-8,620","4,188",,"-8,903","-7,279","-21,004",-350,"-15,616",270,-266,"311,173","48,777","335,431","2,602",,0.89,2.03,0,"111,785","1,015","1,453","114,252","21,813","2,456","133,609","659,254","739,115",0.38,0.40
CISO,31May2025,Pacific,N,"642,650","691,130","593,614","-98,309",0,"270,637","54,686","1,104",,"74,703",,"160,557",,"40,656",,,,,"-8,727",,"-11,963","-6,748","-25,671","4,577",,"-6,232","-15,981","-18,274",-558,"-19,423",579,"1,385","308,278","53,619","326,552","2,685",,0.89,2.03,0,"109,386","1,016","1,365","111,767","22,492","1,966","132,293","630,296","728,605",0.39,0.40
CISO,01Jun2025,Pacific,N,"575,001","627,001","527,205","-95,616",0,"196,578","54,582","1,104",,"66,860",,"130,776",,"81,745",,,,,"-4,444",,"-12,535","-7,370","-19,963","1,060",,"-5,580","-9,617","-20,438",-509,"-20,162",372,-874,"266,475","54,604","303,427","2,502",,0.89,2.03,0,"79,287","1,016","1,358","81,661","21,639","1,459","101,841","554,616","650,232",0.32,0.35
CISO,02Jun2025,Pacific,N,"597,191","641,555","554,338","-92,371",0,"188,398","54,630","1,104",,"67,290",,"183,102",,"60,018",,,,,-200,,"-16,734","-7,041","-14,512","2,091",,"-8,432","-6,951","-24,839",-407,"-14,544",289,"-1,291","278,393","49,853","310,916","2,390",,0.89,2.03,0,"76,281","1,016","1,509","78,806","21,227","1,332","98,701","585,943","678,314",0.30,0.32
CISO,03Jun2025,Pacific,N,"599,613","643,073","537,612","-109,588",0,"188,549","54,552","1,104",,"66,795",,"158,038",,"72,840",,,,,"-4,267",,"-19,563","-7,606","-15,508","3,187",,"-8,393","-17,362","-24,613",-412,"-17,249",241,"-2,310","285,248","52,349","303,458","2,018",,0.89,2.03,0,"76,380","1,015","1,427","78,823","24,289",765,"102,347","564,673","674,261",0.31,0.33
CISO,04Jun2025,Pacific,N,"601,331","652,446","569,812","-85,254",0,"196,122","54,549","1,103",,"70,464",,"185,819",,"71,011",,,,,"-9,252",,"-15,310","-3,444","-15,710","5,626",,"-7,247","-12,795","-18,476",-433,"-16,963",320,-822,"294,324","53,188","302,665","2,276",,0.89,2.03,0,"79,232","1,014","1,575","81,821","20,564","1,979","100,406","610,994","696,248",0.30,0.32
CISO,05Jun2025,Pacific,N,"607,263","652,514","588,316","-64,580",0,"202,180","54,465","1,093",,"70,450",,"193,007",,"71,001",,,,,"-3,886",,"-16,760",-281,"-7,001","6,666",,"-7,787","-3,725","-17,989",-53,"-16,985",430,"-1,095","291,971","51,961","306,025","2,550",,0.89,2.03,0,"81,743","1,007","1,619","84,369","20,564","3,017","101,916","628,777","693,357",0.30,0.32
CISO,06Jun2025,Pacific,N,"611,131","646,847","562,889","-83,901",0,"198,696","54,495","1,104",,"74,466",,"194,088",,"47,922",,,,,"-7,883",,"-17,232","-1,462","-10,305","6,734",,"-8,228","-12,958","-22,059",107,"-18,861",454,-91,"289,442","51,618","303,303","2,481",,0.89,2.04,0,"80,275","1,020","1,534","82,830","22,954","1,938","103,846","602,885","686,786",0.30,0.33
CISO,07Jun2025,Pacific,N,"578,451","609,031","547,690","-64,540",0,"169,539","54,504","1,102",,"72,005",,"192,850",,"59,807",,,,,"-2,111",,"-15,201",-347,"-8,818","4,672",,"-8,862","-6,167","-19,170",-52,"-12,764",456,"1,713","275,951","47,899","282,599","2,581",,0.89,2.03,0,"68,577","1,015","1,583","71,175","20,610","2,734","89,051","586,651","651,191",0.27,0.30
CISO,08Jun2025,Pacific,N,"562,774","588,501","578,229","-13,594",0,"188,058","54,534","1,104",,"72,407",,"191,226",,"75,858",,,,,"-4,959",,"-13,209","5,246","9,621","3,806",,"-7,355","13,261","-19,337",2,"-8,100",394,"2,077","263,145","44,606","278,195","2,558",,0.89,2.03,0,"76,154","1,017","1,629","78,801","16,471","5,911","89,360","617,176","630,770",0.28,0.31
CISO,09Jun2025,Pacific,N,"631,051","653,420","654,492","-3,679",0,"241,945","54,575","1,104",,"75,637",,"200,458",,"85,889",,,,,"-5,114",,"-11,715","9,349","11,545","6,577",,"-4,310","17,276","-22,299",2,"-12,623",627,"1,892","291,158","48,281","311,261","2,717",,0.89,2.03,0,"97,829","1,016","1,708","100,553","15,187","6,976","108,764","691,876","695,555",0.32,0.34
CISO,10Jun2025,Pacific,N,"647,092","666,287","632,290","-37,910",0,"231,822","54,611","1,102",,"76,372",,"199,231",,"74,204",,,,,"-5,046",,"-10,109",881,"-1,583","6,364",,"-5,397","6,832","-22,630",-24,"-13,372",680,448,"292,478","47,831","323,030","2,952",,0.89,2.03,0,"93,736","1,014","1,663","96,413","18,190","4,549","110,054","669,890","707,800",0.32,0.34
CISO,11Jun2025,Pacific,N,"636,799","655,260","604,184","-60,641",0,"183,198","54,652","1,104",,"72,785",,"201,526",,"99,342",,,,,"-8,420",,"-9,162","-9,616","-8,120","6,083",,"-6,271","-4,683","-19,836",-27,"-11,370",525,"1,836","276,740","49,081","326,528","2,910",,0.89,2.03,0,"74,118","1,016","1,750","76,884","19,074","2,838","93,120","644,171","704,812",0.26,0.29
CISO,12Jun2025,Pacific,N,"617,320","646,001","609,184","-50,495",0,"178,382","54,702","1,104",,"68,584",,"202,902",,"107,867",,,,,"-4,356",,"-8,786","-8,654","-12,124","6,441",,"-5,839","1,340","-17,594",-27,"-7,413",363,"1,798","276,016","49,049","318,162","2,778",,0.89,2.03,0,"72,296","1,015","1,787","75,098","17,952","3,886","89,164","648,925","699,420",0.26,0.28
CISO,13Jun2025,Pacific,N,"602,579","638,247","575,005","-73,222",0,"165,373","54,717","1,097",,"68,362",,"197,728",,"94,125",,,,,"-6,395",,"-12,140","-10,234","-15,811","4,885",,"-7,058","-1,839","-20,033",-16,"-12,065",309,780,"272,881","46,334","316,399","2,632",,0.89,2.03,0,"67,025","1,009","1,705","69,738","19,767","2,690","86,816","614,385","687,607",0.25,0.28
CISO,14Jun2025,Pacific,N,"559,766","604,168","541,275","-72,218",0,"150,812","54,713","1,103",,"71,471",,"187,907",,"76,940",,,,,"-1,669",,"-14,099","-8,072","-14,452","4,762",,"-7,870",-821,"-18,708",2,"-14,218",284,974,"252,031","46,500","302,804","2,831",,0.89,2.03,0,"61,075","1,016","1,628","63,720","20,605","3,002","81,323","579,700","651,918",0.24,0.28
CISO,15Jun2025,Pacific,N,"566,422","608,560","563,044","-50,428",0,"164,005","54,697","1,102",,"72,585",,"199,159",,"75,057",,,,,"-3,553",,"-13,892","-2,295","-5,122","4,639",,"-5,977","7,116","-22,117",2,"-14,896",248,"1,866","243,967","47,237","315,592","1,765",,0.89,2.04,0,"66,360","1,018","1,660","69,037","21,257","4,012","86,282","601,214","651,642",0.25,0.29
CISO,16Jun2025,Pacific,N,"640,125","679,842","609,247","-75,972",0,"176,328","54,724","1,100",,"73,184",,"203,371",,"104,853",,,,,"-4,315",,"-14,121","-4,455","-11,010","5,474",,"-5,226","-4,763","-24,292",2,"-18,226",138,507,"271,476","53,758","352,794","1,817",,0.89,2.04,0,"71,317","1,016","1,788","74,122","23,035","1,964","95,193","647,192","723,164",0.25,0.29
CISO,17Jun2025,Pacific,N,"652,990","700,474","600,673","-100,840",0,"186,475","54,758","1,104",,"67,481",,"202,162",,"93,536",,,,,"-4,845",,"-21,180","-9,073","-14,870","6,128",,"-5,674","-9,456","-24,857",2,"-22,419",101,458,"282,233","55,235","360,429","2,574",,0.89,2.03,0,"75,274","1,016","1,724","78,014","27,496","1,739","103,771","640,482","741,322",0.27,0.31
CISO,18Jun2025,Pacific,N,"684,035","718,327","632,881","-82,694",0,"252,277","54,776","1,104",,"67,304",,"203,389",,"64,655",,,,,"-10,626",,"-17,888",157,"-8,586","5,331",,"-5,759","-9,267","-24,988",2,"-22,648",291,661,"299,306","54,162","361,993","2,862",,0.89,2.03,0,"102,016","1,015","1,598","104,629","26,784","2,818","128,595","673,309","756,003",0.34,0.38
CISO,19Jun2025,Pacific,N,"656,151","669,138","623,935","-53,313",0,"206,029","54,713","1,104",,"63,138",,"201,117",,"105,014",,,,,"-7,177",,"-14,303","-1,753",-683,"5,660",,"-5,734","3,007","-22,453",2,"-17,584",83,445,"279,571","50,184","336,628","2,760",,0.89,2.03,0,"83,268","1,017","1,727","86,012","22,092","3,789","104,315","660,851","714,164",0.29,0.32
CISO,20Jun2025,Pacific,N,"586,131","624,752","562,160","-70,211",0,"151,890","54,703","1,103",,"52,682",,"189,672",,"116,942",,,,,"-4,832",,"-13,427","-4,805","-13,024","3,443",,"-5,533","-4,903","-18,896",1,"-13,693",-584,"1,210","259,561","48,293","314,173","2,720",,0.89,2.03,0,"61,549","1,018","1,705","64,272","19,947","2,897","81,322","600,985","671,196",0.24,0.27
CISO,21Jun2025,Pacific,N,"498,926","562,731","503,936","-64,203",0,"133,986","54,744","1,093",,"48,334",,"170,625",,"101,507",,,,,"-6,353",,"-15,678","-7,872","-16,583","3,055",,"-8,075","18,929","-21,695",1,"-15,316",-390,-579,"239,083","42,529","278,815","2,309",,0.90,2.03,0,"54,398","1,007","1,559","56,964","19,459","4,718","71,706","544,716","608,919",0.23,0.26
CISO,22Jun2025,Pacific,N,"494,240","553,248","468,423","-86,736",0,"130,872","54,770","1,071",,"52,061",,"172,191",,"62,040",,,,,"-4,576",,"-22,790","-9,269","-13,800","4,123",,"-9,926","13,832","-24,473",2,"-23,293",-259,-883,"235,409","43,224","272,430","2,184",,0.90,2.03,0,"53,144",984,"1,437","55,565","23,493","3,667","75,392","509,394","596,130",0.24,0.28
CISO,23Jun2025,Pacific,N,"562,528","628,050","548,795","-84,702",0,"174,757","54,736","1,104",,"59,908",,"198,173",,"61,008",,,,,-893,,"-20,791","-5,529","-5,313","4,808",,"-9,058","1,409","-26,199",2,"-22,562",-75,"-1,394","275,859","47,901","301,986","2,307",,0.89,2.03,0,"70,759","1,014","1,564","73,338","26,454","2,606","97,186","586,851","671,553",0.28,0.32
CISO,24Jun2025,Pacific,N,"571,772","633,555","579,845","-55,167",0,"196,424","54,669","1,103",,"63,386",,"194,664",,"76,649",,,,,"-7,041",,"-18,005","2,973","6,617","2,776",,"-9,237","5,350","-23,278",2,"-20,561",230,"-2,034","279,265","46,829","305,005","2,454",,0.89,2.03,0,"79,354","1,016","1,610","81,980","22,818","3,887","100,912","620,605","675,772",0.29,0.33
CISO,25Jun2025,Pacific,N,"607,198","657,088","555,821","-98,693",0,"186,539","54,680","1,103",,"58,022",,"199,103",,"60,718",,,,,"-4,341",,"-15,540","-6,194","-9,777","3,332",,"-8,699","-14,163","-24,594",1,"-23,267",49,159,"285,478","48,975","320,097","2,540",,0.89,2.03,0,"75,424","1,016","1,551","77,991","25,508","1,128","102,370","595,164","693,857",0.29,0.33
CISO,26Jun2025,Pacific,N,"625,863","673,576","573,158","-98,832",0,"202,232","54,733","1,095",,"55,293",,"199,471",,"65,760",,,,,"-5,423",,"-18,621","-2,826","-10,537","2,183",,"-5,789","-13,588","-24,429",2,"-24,256",186,"-1,157","290,570","50,355","330,027","2,627",,0.89,2.02,0,"81,685","1,004","1,554","84,243","26,673","1,314","109,603","611,718","710,550",0.30,0.34
CISO,27Jun2025,Pacific,N,"661,972","692,791","582,325","-109,275",0,"231,460","54,655","1,103",,"57,374",,"197,506",,"45,609",,,,,"-5,373",,"-18,385","-2,067","-12,518","1,423",,"-5,077","-21,180","-28,141",2,"-22,179",486,"-1,639","304,791","50,010","335,302","2,691",,0.89,2.02,0,"93,552","1,012","1,477","96,041","29,164",981,"124,225","620,522","729,797",0.34,0.38
CISO,28Jun2025,Pacific,N,"621,994","675,278","588,452","-88,737",0,"238,684","54,515","1,104",,"52,225",,"199,756",,"45,628",,,,,"-3,456",,"-15,236","-1,351","-11,104","1,347",,"-4,790","-14,571","-25,795",2,"-17,044",330,-525,"300,034","48,102","324,502","2,639",,0.89,2.02,0,"96,691","1,014","1,474","99,179","26,692","1,878","123,992","626,989","715,726",0.35,0.38
CISO,29Jun2025,Pacific,N,"612,959","657,519","621,906","-33,686",0,"275,682","54,532","1,103",,"52,513",,"199,855",,"43,439",,,,,"-5,216",,"-13,748","7,635","7,259","2,880",,"-3,881","6,745","-24,510",1,"-16,263",364,-168,"284,474","49,922","320,486","2,635",,0.89,2.02,0,"111,531","1,013","1,462","114,006","19,854","5,079","128,781","661,025","694,711",0.38,0.41
CISO,30Jun2025,Pacific,N,"668,642","704,726","694,991","-9,690",0,"328,850","54,542","1,103",,"59,804",,"202,870",,"51,067",,,,,"-3,244",,"-9,369","7,678","8,187","4,802",,"-3,395","19,606","-24,399",1,"-14,321",579,941,"300,598","55,137","346,174","2,821",,0.89,2.02,0,"132,794","1,012","1,529","135,334","17,488","8,068","144,754","731,568","741,258",0.41,0.43
CISO,01Jul2025,Pacific,N,"658,012","695,650","654,239","-38,208",0,"295,733","54,516","1,098",,"65,772",,"180,211",,"62,430",,,,,"-5,519",,"-5,924",-986,"-8,997","5,874",,"-3,013","11,499","-21,007",1,"-13,413",706,"-2,948","307,368","53,113","332,541","2,629",,0.89,2.02,0,"119,234","1,008","1,465","121,708","19,068","4,921","135,855","681,866","720,074",0.39,0.42
CISO,02Jul2025,Pacific,N,"655,211","691,905","591,731","-97,700",0,"237,507","54,536","1,104",,"56,645",,"178,073",,"77,219",,,,,"-13,353",,"-8,351","-10,283","-31,889","5,070",,"-3,773","-8,447","-20,886",1,"-16,405",652,"-3,389","310,669","52,088","326,406","2,745",,0.89,2.02,0,"95,897","1,014","1,498","98,409","23,289","1,320","120,377","632,128","729,828",0.34,0.36
CISO,03Jul2025,Pacific,N,"647,936","681,238","583,362","-88,796",0,"218,370","54,550","1,104",,"64,763",,"186,987",,"62,549",,,,,"-4,961",,"-3,145","-12,132","-24,736","4,814",,"-5,494","-12,036","-21,190",0,"-13,022",719,"-2,574","295,332","50,220","333,182","2,502",,0.89,2.02,0,"88,238","1,013","1,521","90,773","21,828","1,546","111,054","619,214","708,010",0.32,0.35
CISO,04Jul2025,Pacific,N,"568,361","625,319","564,887","-69,881",0,"163,906","50,634","1,102",,"59,596",,"198,266",,"93,250",,,,,"-1,864",,"-13,523","-6,584","-2,324","4,803",,"-6,644","-1,698","-23,595",1,"-18,917",246,"-1,646","263,404","47,787","312,035","2,097",,0.89,2.03,0,"66,358","1,013","1,674","69,044","22,366","2,544","88,866","604,759","674,640",0.25,0.29
CISO,05Jul2025,Pacific,N,"583,034","618,735","546,148","-75,055",0,"175,224","40,651","1,103",,"62,470",,"203,383",,"65,707",,,,,"-2,388",,"-11,032","-9,151","-8,640","3,743",,"-7,139","-5,703","-20,753",1,"-15,777",152,-756,"255,463","48,429","312,842","2,005",,0.89,2.02,0,"70,696","1,013","1,557","73,266","22,224","1,919","93,571","585,402","660,457",0.28,0.31
CISO,06Jul2025,Pacific,N,"559,328","619,859","567,385","-53,686",0,"207,779","45,864","1,104",,"64,635",,"203,024",,"49,644",,,,,"-4,667",,"-9,725","-3,763","2,902","3,012",,"-6,383","-1,464","-23,448",0,"-14,292",83,-608,"261,733","47,186","308,909","2,030",,0.89,2.02,0,"83,769","1,014","1,513","86,295","21,474","2,634","105,135","606,418","660,104",0.31,0.35
CISO,07Jul2025,Pacific,N,"636,521","686,056","658,674","-30,173",0,"294,585","54,483","1,104",,"62,425",,"198,849",,"51,438",,,,,"-4,208",,"-5,716","2,658","10,574","2,823",,"-4,623","1,768","-23,477",1,"-13,001",344,"-1,524","293,164","52,690","337,993","2,211",,0.89,2.03,0,"118,701","1,016","1,530","121,248","19,690","5,182","135,757","697,821","727,994",0.38,0.41
CISO,08Jul2025,Pacific,N,"670,336","706,808","670,466","-36,742",0,"319,155","54,449",427,,"58,335",,"194,865",,"50,218",,,,,"-6,985",,"-6,680","-4,221","4,588","2,654",,"-2,506","2,897","-19,171",1,"-14,133",447,-618,"293,917","56,230","354,401","2,263",,0.89,2.03,0,"128,660",,"1,488","130,570","19,209","4,310","145,469","710,541","747,283",0.41,0.43
CISO,09Jul2025,Pacific,N,"701,287","726,514","670,050","-57,234",0,"278,605","54,556",-42,,"65,558",,"197,217",,"79,758",,,,,"-5,598",,"-6,777","-11,286","-10,721","3,829",,"-1,533",-498,"-19,419",0,"-13,156",490,"1,837","294,855","57,480","372,197","1,983",,0.89,2.03,0,"112,398",,"1,629","114,027","20,409","2,873","131,563","706,664","763,898",0.36,0.38
CISO,10Jul2025,Pacific,N,"740,376","758,555","685,562","-79,319",0,"291,555","54,627",-74,,"66,486",,"199,084",,"78,613",,,,,"-4,728",,"-14,735","-10,250","-19,968","4,757",,"-1,759",-592,"-22,069",1,"-17,670",377,"2,589","319,351","58,092","378,780","2,334",,0.89,2.02,0,"117,841",,"1,644","119,485","24,671","2,206","141,949","723,518","802,837",0.36,0.39
CISO,11Jul2025,Pacific,N,"723,074","754,699","690,956","-63,663",0,"303,265","54,569",-34,,"68,095",,"195,885",,"72,670",,,,,"-3,491",,"-15,849","-2,355","-8,624","4,995",,"-3,914","2,506","-23,579",0,"-19,306",151,"2,312","339,327","54,453","358,631","2,291",,0.89,2.02,0,"122,571",,"1,600","124,172","24,775","3,115","145,832","723,791","787,454",0.38,0.41
CISO,12Jul2025,Pacific,N,"651,036","696,538","634,383","-60,779",0,"244,361","54,472",-30,,"69,718",,"196,880",,"75,338",,,,,"-6,349",,"-16,239","-3,330","-3,112","2,637",,"-4,220","4,022","-21,761",1,"-18,885",274,-166,"314,185","49,994","330,031","2,329",,0.89,2.02,0,"98,636",,"1,627","100,263","23,157","2,547","120,874","671,884","732,663",0.33,0.36
CISO,13Jul2025,Pacific,N,"621,344","667,497","633,002","-30,875",0,"250,294","54,477",189,,"73,371",,"189,888",,"66,735",,,,,"-1,954",,"-10,263","-1,848","10,715","2,213",,"-5,287","12,274","-21,568",0,"-16,784",142,-469,"291,194","49,693","324,275","2,336",,0.89,2.02,0,"100,930",,"1,595","102,748","19,669","5,027","117,391","669,716","700,591",0.34,0.37
CISO,14Jul2025,Pacific,N,"691,887","732,597","662,426","-64,029",0,"297,624","54,511","1,101",,"77,342",,"183,667",,"57,482",,,,,"-9,302",,"-11,849","-1,831","-6,928","2,264",,"-3,611","-1,444","-20,628",1,"-20,403",488,-88,"320,984","56,082","353,045","2,486",,0.89,2.02,0,"120,039","1,011","1,537","122,587","21,635","2,041","142,181","702,450","766,479",0.38,0.41
CISO,15Jul2025,Pacific,N,"665,640","719,486","667,387","-52,368",0,"266,370","54,483","1,103",,"77,251",,"190,152",,"82,746",,,,,"-4,713",,"-9,975",274,"-4,469","1,439",,"-3,839","2,377","-21,664",0,"-17,249",473,265,"313,752","55,186","348,051","2,500",,0.89,2.03,0,"107,620","1,015","1,671","110,305","20,420","2,768","127,958","706,558","758,926",0.34,0.37
CISO,16Jul2025,Pacific,N,"648,991","695,101","647,733","-43,756",0,"263,430","54,429","1,102",,"78,186",,"188,377",,"66,900",,,,,"-4,682",,"-12,077",-939,"3,451","3,050",,"-4,929","8,923","-22,224",0,"-19,008",398,-401,"297,714","54,945","340,067","2,375",,0.89,2.03,0,"106,423","1,017","1,608","109,048","20,903","4,306","125,645","687,064","730,820",0.35,0.38
CISO,17Jul2025,Pacific,N,"657,841","702,747","598,886","-96,604",0,"253,499","54,387","1,056",,"77,253",,"163,521",,"53,475",,,,,"-4,310",,"-11,438","-8,705","-8,926","1,610",,"-4,634","-13,659","-23,904",0,"-24,920",248,"-2,276","297,367","57,855","345,296","2,226",,0.89,2.03,0,"102,370",972,"1,439","104,781","27,870",671,"131,980","632,683","729,287",0.37,0.40
CISO,18Jul2025,Pacific,N,"662,537","705,028","602,204","-99,099",0,"232,699","54,446",873,,"73,686",,"184,166",,"61,933",,,,,"-5,605",,"-10,083","-11,458","-19,336","2,212",,"-5,674","-11,521","-24,082",0,"-17,320",264,"-2,101","299,456","56,704","346,921","1,945",,0.89,2.02,0,"94,143",,"1,554","96,509","25,393",472,"121,430","641,873","740,972",0.33,0.36
CISO,19Jul2025,Pacific,N,"610,787","666,403","565,382","-99,924",0,"187,648","54,519",-50,,"64,347",,"193,116",,"72,697",,,,,"-6,907",,"-12,083","-15,889","-25,779",79,,"-5,675","-7,371","-20,719",1,"-13,857",59,"1,310","283,595","52,658","327,690","2,449",,0.89,2.02,0,"75,987",,"1,601","77,588","25,239",816,"102,011","608,339","708,263",0.28,0.32
CISO,20Jul2025,Pacific,N,"581,051","636,852","556,220","-75,971",0,"181,612","54,494",-51,,"65,077",,"191,393",,"73,011",,,,,"-9,324",,"-14,464","-7,518","-6,531",578,,"-6,478","-3,911","-20,847",0,"-16,412",191,-579,"271,682","50,391","311,954","2,816",,0.89,2.02,0,"73,592",,"1,589","75,182","24,337","1,659","97,860","599,234","675,205",0.28,0.32
CISO,21Jul2025,Pacific,N,"622,032","670,983","601,332","-73,653",0,"197,910","54,455",-68,,"67,085",,"196,126",,"88,342",,,,,"-2,515",,"-17,825","-6,750","-1,354","3,128",,"-6,637","-3,258","-20,035",1,"-19,624",96,"-1,395","289,414","53,330","325,381","2,860",,0.89,2.02,0,"80,156",,"1,688","81,844","24,781","1,611","105,014","641,475","715,128",0.28,0.32
CISO,22Jul2025,Pacific,N,"614,220","671,671","590,262","-85,980",0,"183,873","54,423",-19,,"65,457",,"197,460",,"94,995",,,,,"-5,931",,"-17,097","-8,894","-3,693","2,346",,"-7,413","-11,354","-19,987",1,"-18,826",-1,"-1,062","288,373","55,826","324,815","2,656",,0.89,2.04,0,"74,432",,"1,687","76,168","25,767",883,"101,052","627,156","713,136",0.27,0.31
CISO,23Jul2025,Pacific,N,"622,425","675,699","599,143","-77,719",0,"208,404","54,338",-64,,"67,782",,"200,498",,"69,906",,,,,"-1,717",,"-18,409","-2,070","-2,591","1,396",,"-7,781","-6,468","-20,337",1,"-20,777",226,-909,"284,994","56,630","331,495","2,576",,0.89,2.02,0,"84,267",,"1,635","85,901","24,951","1,786","109,066","637,903","715,622",0.30,0.34
CISO,24Jul2025,Pacific,N,"621,165","680,453","581,879","-91,122",0,"208,422","54,303",215,,"68,640",,"198,543",,"58,364",,,,,"-6,609",,"-16,573","-5,609","-10,871","1,573",,"-6,356","-14,526","-17,115",1,"-20,985",273,-934,"292,359","56,137","329,448","2,516",,0.89,2.02,0,"84,044",,"1,583","85,852","26,795","1,159","111,488","624,566","715,688",0.30,0.34
CISO,25Jul2025,Pacific,N,"612,913","660,913","570,258","-83,863",0,"187,605","54,364",438,,"66,839",,"193,601",,"74,551",,,,,"-7,141",,"-12,131","-7,414","-13,534","1,848",,"-7,194","-10,593","-18,468",0,"-15,401",376,"-1,352","289,221","51,922","317,456","2,314",,0.89,2.02,0,"75,636",402,"1,614","77,652","22,251","1,164","98,738","612,059","695,922",0.28,0.31
CISO,26Jul2025,Pacific,N,"556,819","608,665","548,692","-60,821",0,"152,625","54,403",450,,"66,502",,"184,962",,"94,994",,,,,"-5,241",,"-14,012","-5,124","-4,165","2,090",,"-7,814","-1,001","-15,469",0,"-14,508",82,-900,"266,185","47,463","292,572","2,448",,0.89,2.02,0,"61,637",412,"1,667","63,717","20,120","2,605","81,232","591,206","652,027",0.24,0.27
CISO,27Jul2025,Pacific,N,"543,853","596,408","540,019","-56,905",0,"156,360","54,464",455,,"64,025",,"193,343",,"75,253",,,,,"-3,885",,"-15,844","-3,525",-312,"2,001",,"-7,803",-242,"-15,232",0,"-15,399",75,-624,"256,103","46,478","291,337","2,489",,0.89,2.02,0,"63,232",417,"1,612","65,261","20,558","2,960","82,860","580,404","637,309",0.25,0.29
CISO,28Jul2025,Pacific,N,"637,313","675,746","624,832","-47,362",0,"234,734","54,494",452,,"72,062",,"197,196",,"69,771",,,,,"-3,884",,"-14,036",799,572,"3,037",,"-6,129","3,121","-18,631",0,"-16,477",198,184,"293,570","52,781","326,789","2,601",,0.89,2.02,0,"94,790",415,"1,628","96,832","19,780","3,766","112,846","662,860","710,222",0.32,0.35
CISO,29Jul2025,Pacific,N,"658,375","704,783","678,336","-27,122",0,"275,147","54,467",449,,"71,281",,"198,046",,"84,081",,,,,"-5,132",,"-15,138","3,828","8,086","2,383",,"-5,096","14,679","-19,557",0,"-17,903",255,"1,341","309,932","53,975","338,157","2,717",,0.89,2.03,0,"110,919",413,"1,681","113,013","19,095","6,109","125,999","717,280","744,402",0.35,0.37
CISO,30Jul2025,Pacific,N,"665,665","708,895","665,774","-43,221",0,"260,022","54,516",-51,,"68,205",,"199,294",,"89,595",,,,,"-5,808",,"-14,743","2,962","4,126","3,520",,"-4,460","8,208","-24,486",0,"-18,263",496,-581,"302,333","54,512","349,347","2,704",,0.89,2.03,0,"104,856",,"1,695","106,555","22,913","4,671","124,797","705,341","748,562",0.33,0.37
CISO,31Jul2025,Pacific,N,"663,818","689,450","622,648","-80,114",0,"251,881","52,242",372,,"67,038",,"197,934",,"56,745",,,,,"-3,561",,"-14,591","-6,133","-11,514","4,125",,"-4,537","-2,689","-24,824",,"-19,726",629,-855,"303,571",,,,,0.89,2.02,0,"101,820",,"1,557","103,744","26,140","1,921","127,963","661,477","741,591",0.35,0.38
CISO,01Aug2025,Pacific,N,"668,295","707,834","629,626","-76,239",0,"241,187","54,492","1,104",,"71,826",,"198,171",,"65,555",,,,,"-2,709",,"-15,147","-2,478","-8,479","2,663",,"-4,089","-7,264","-23,196",1,"-18,689",592,-153,"303,989","53,268","347,897","2,681",,0.89,2.03,0,"97,607","1,016","1,619","100,242","26,041","2,105","124,178","667,711","743,950",0.33,0.37
CISO,02Aug2025,Pacific,N,"618,262","669,005","599,112","-67,548",0,"200,782","54,536","1,100",,"62,737",,"194,503",,"95,365",,,,,"-9,911",,"-15,183","-4,419","-10,608","3,052",,"-4,942","2,394","-21,551",1,"-17,004",549,163,"288,272","51,184","326,865","2,687",,0.89,2.03,0,"81,245","1,012","1,681","83,938","23,578","2,376","105,140","643,570","711,118",0.29,0.33
CISO,03Aug2025,Pacific,N,"604,625","643,676","592,996","-48,450",0,"185,126","54,588","1,103",,"62,982",,"188,964",,"105,048",,,,,"-4,807",,"-13,180","-2,488","-5,395","4,513",,"-5,503","5,385","-17,164",1,"-15,327",387,321,"268,159","50,328","322,564","2,630",,0.89,2.03,0,"74,911","1,015","1,715","77,641","20,471","3,589","94,524","636,826","685,276",0.27,0.30
CISO,04Aug2025,Pacific,N,"669,383","701,009","599,062","-95,687",0,"218,672","42,080","1,091",,"62,454",,"180,100",,"102,215",,,,,"-7,550",,"-7,528","-13,671","-18,634","5,165",,"-4,627","-11,724","-23,114",1,"-19,231",355,"-2,679","291,047","54,837","352,455","2,671",,0.89,2.03,0,"88,297","1,002","1,602","90,902","24,620","1,076","114,445","640,776","736,463",0.31,0.34
CISO,05Aug2025,Pacific,N,"672,921","711,571","624,102","-81,176",0,"253,211","38,193","1,103",,"65,974",,"187,001",,"80,193",,,,,"-1,574",,"-8,685","-11,212","-14,453","6,002",,"-4,203","-9,997","-23,241",0,"-16,365",444,534,"293,284","54,959","360,551","2,775",,0.89,2.03,0,"102,533","1,014","1,561","105,107","23,567","1,681","126,994","664,340","745,516",0.35,0.38
CISO,06Aug2025,Pacific,N,"709,450","765,450","678,781","-87,596",0,"330,416","38,232","1,102",,"74,121",,"182,029",,"57,712",,,,,"-4,831",,"-7,240","-14,815","-17,342","6,936",,"-3,889","-14,951","-23,435",0,"-15,737",500,"2,377","314,726","60,874","387,038","2,814",,0.89,2.03,0,"133,777","1,013","1,487","136,278","24,241","2,221","158,297","722,330","809,926",0.42,0.43
CISO,07Aug2025,Pacific,N,"741,757","804,022","691,926","-112,447",0,"345,665","38,175","1,095",,"70,601",,"182,066",,"60,851",,,,,"-6,529",,"-8,789","-18,305","-27,529","9,592",,"-2,256","-28,056","-22,283",1,"-17,654",703,"2,129","330,214","67,201","403,738","2,869",,0.89,2.03,0,"139,835","1,006","1,478","142,319","28,826","2,599","168,545","735,046","847,493",0.43,0.44
CISO,08Aug2025,Pacific,N,"753,852","800,795","681,136","-117,505",0,"348,394","38,175","1,101",,"72,353",,"183,256",,"49,281",,,,,"-11,416",,"-11,362","-15,609","-26,241","5,503",,"-1,812","-27,477","-22,872",0,"-20,046",741,"1,670","337,722","64,033","396,090","2,958",,0.89,2.03,0,"140,918","1,012","1,431","143,361","30,958","1,862","172,457","725,421","842,926",0.44,0.45
CISO,09Aug2025,Pacific,N,"717,955","742,375","628,341","-112,558",0,"295,515","38,194","1,100",,"71,695",,"178,474",,"49,908",,,,,"-6,544",,"-13,065","-9,196","-19,501","3,498",,"-3,708","-31,509","-20,614",0,"-21,070",748,"1,859","324,335","57,004","358,131","2,907",,0.89,2.03,0,"119,399","1,011","1,417","121,827","31,130","1,182","151,775","668,925","781,483",0.40,0.43
CISO,10Aug2025,Pacific,N,"689,296","714,618","642,758","-67,970",0,"303,409","38,154","1,103",,"64,787",,"173,218",,"64,720",,,,,"-2,632",,"-13,021",38,"-3,440","2,299",,"-3,850","-4,556","-24,256",1,"-22,067",710,172,"308,349","56,426","346,951","2,892",,0.89,2.03,0,"122,424","1,014","1,436","124,874","24,471","2,261","147,083","681,827","749,797",0.40,0.43
CISO,11Aug2025,Pacific,N,"738,260","768,789","723,964","-39,437",0,"346,698","38,199","1,101",,"71,051",,"178,884",,"91,549",,,,,"-3,516",,"-11,582","3,138",-300,"5,946",,"-2,260","6,063","-22,297",1,"-19,831",906,779,"324,954","59,021","381,874","2,945",,0.89,2.03,0,"139,802","1,013","1,586","142,401","20,774","5,143","158,031","764,405","803,842",0.41,0.43
CISO,12Aug2025,Pacific,N,"719,537","759,551","738,030","-17,804",0,"357,484","38,305","1,104",,"75,190",,"180,565",,"91,147",,,,,"-5,769",,"-9,207",-882,"4,191","5,656",,"-2,331","19,136","-18,836",0,"-16,995",797,667,"320,555","56,475","379,439","3,083",,0.89,2.03,0,"143,986","1,017","1,602","146,604","17,831","6,989","157,446","779,501","797,305",0.41,0.44
CISO,13Aug2025,Pacific,N,"711,963","748,967","668,703","-79,929",0,"282,359","38,276","1,104",,"68,101",,"181,954",,"108,350",,,,,"-11,445",,"-15,594","-6,075","-8,786","7,274",,"-1,918","-16,340","-17,534",1,"-20,953",552,-556,"314,372","57,180","376,472",946,,0.89,2.03,0,"113,923","1,018","1,627","116,567","25,081","1,930","139,718","710,942","790,871",0.36,0.39
CISO,14Aug2025,Pacific,N,"693,647","732,822","649,337","-87,652",0,"256,291","39,669","1,104",,"63,469",,"185,358",,"107,886",,,,,"-4,437",,"-14,189","-8,298","-17,141","6,938",,"-3,271","-15,409","-16,827",1,"-20,082",467,159,"312,608","56,438","360,849","2,927",,0.89,2.02,0,"103,665","1,013","1,636","106,314","24,694","1,729","129,280","687,179","774,831",0.34,0.37
CISO,15Aug2025,Pacific,N,"672,823","717,050","622,074","-90,881",0,"254,696","47,863","1,104",,"61,298",,"185,036",,"77,076",,,,,"-4,998",,"-16,232","-1,232","-13,228","5,126",,"-4,584","-18,213","-19,164",0,"-22,515",692,"-1,531","315,019","54,055","345,234","2,743",,0.89,2.02,0,"103,028","1,013","1,543","105,585","27,007","1,955","130,636","661,301","752,182",0.35,0.38
CISO,16Aug2025,Pacific,N,"601,207","665,336","563,425","-97,688",0,"190,491","54,459","1,104",,"60,084",,"183,042",,"80,699",,,,,"-6,451",,"-19,227","-2,880","-15,747","3,797",,"-6,915","-18,332","-16,578",0,"-21,428",370,-748,"295,509","52,237","314,904","2,688",,0.89,2.02,0,"77,063","1,013","1,576","79,652","27,994","1,702","105,943","605,718","703,406",0.29,0.33
CISO,17Aug2025,Pacific,N,"577,700","639,991","536,205","-98,647",0,"167,006","54,523","1,103",,"61,075",,"176,605",,"78,024",,,,,"-2,132",,"-20,796","-6,026","-8,659","5,439",,"-7,876","-16,929","-19,093",0,"-23,038",138,"-1,807","269,298","51,312","316,764","2,617",,0.89,2.02,0,"67,494","1,012","1,549","70,056","30,269","2,078","98,247","575,195","673,842",0.27,0.32
CISO,18Aug2025,Pacific,N,"648,647","693,636","602,514","-81,559",0,"251,990","54,528","1,099",,"62,933",,"182,333",,"54,047",,,,,"-4,420",,"-15,721","-5,732","-8,035","8,573",,"-6,404","-11,371","-20,339",0,"-22,228",232,-534,"278,916","58,155","353,864","2,701",,0.89,2.03,0,"101,534","1,010","1,468","104,012","27,347","2,799","128,561","638,815","720,374",0.36,0.39
CISO,19Aug2025,Pacific,N,"669,104","735,912","647,831","-70,126",0,"311,540","54,488","1,095",,"66,502",,"175,053",,"45,241",,,,,"-6,087",,"-12,170","1,207","-5,530","8,832",,"-4,953","-14,365","-22,232",1,"-21,260",403,-59,"298,649","59,611","374,859","2,795",,0.89,2.03,0,"125,409","1,006","1,427","127,843","26,300","3,668","150,475","687,686","757,812",0.41,0.44
CISO,20Aug2025,Pacific,N,"706,146","781,549","709,091","-67,782",0,"352,997","54,490","1,101",,"68,643",,"179,170",,"57,410",,,,,"-4,722",,"-11,089","-2,207","-4,399","8,224",,"-4,370","-20,413","-17,711",1,"-17,627",671,"1,138","321,392","64,276","392,950","2,930",,0.89,2.03,0,"142,215","1,011","1,503","144,729","24,690","2,905","166,514","748,943","816,725",0.43,0.45
CISO,21Aug2025,Pacific,N,"795,768","834,651","767,233","-62,636",0,"444,819","54,447","1,104",,"77,711",,"164,302",,"32,919",,,,,"-8,071",,"-11,683","-4,134","-4,785","12,587",,"-2,662","-19,150","-17,782",0,"-17,880",582,"2,271","344,435","68,879","418,628","2,710",,0.89,2.04,0,"179,304","1,023","1,358","181,685","26,495","4,112","204,068","802,785","865,421",0.50,0.52
CISO,22Aug2025,Pacific,N,"823,061","844,530","782,968","-57,567",0,"465,997","54,340","1,104",,"84,971",,"153,285",,"28,927",,,,,"-5,650",,"-12,451","-2,107","-4,949","9,322",,"-1,630","-14,088","-17,144",0,"-17,772",658,"2,594","336,914","70,537","434,278","2,800",,0.89,2.02,0,"187,875","1,014","1,343","190,233","24,201","3,641","210,793","820,087","877,654",0.51,0.53
CISO,23Aug2025,Pacific,N,"760,383","776,473","708,561","-56,495",0,"425,396","54,372","1,103",,"75,307",,"120,459",,"37,842",,,,,"-5,913",,"-15,623","3,872",-245,"10,665",,"-2,823","-17,698","-20,078",0,"-18,313",754,"2,994","315,638","69,671","388,325","2,838",,0.89,2.03,0,"171,718","1,014","1,206","173,938","27,271","5,162","196,047","743,413","799,908",0.52,0.54
CISO,24Aug2025,Pacific,N,"724,700","755,261","692,608","-48,771",0,"388,471","54,353","1,104",,"69,357",,"148,653",,"39,162",,,,,"-8,491",,"-16,332","7,971","6,312","6,712",,"-4,639","-7,477","-20,105",0,"-22,473",542,718,"298,362","66,450","387,543","2,907",,0.89,2.03,0,"156,899","1,014","1,322","159,235","27,094","5,970","180,359","736,957","785,728",0.48,0.51
CISO,25Aug2025,Pacific,N,"756,879","801,119","710,870","-81,764",0,"431,675","54,391","1,104",,"65,620",,"121,877",,"41,129",,,,,"-4,930",,"-22,967","4,413","7,478","7,515",,"-2,605","-12,851","-29,130",0,"-33,187",569,-999,"326,305","67,856","404,220","2,739",,0.89,2.03,0,"174,371","1,015","1,204","176,590","37,185","5,822","207,952","749,081","830,845",0.52,0.55
CISO,26Aug2025,Pacific,N,"736,530","780,199","690,806","-75,889",0,"395,366","54,351","1,103",,"64,216",,"152,359",,"32,354",,,,,"-8,939",,"-22,940","1,215","2,236","4,520",,"-3,327","-4,892","-24,782",0,"-26,928",568,"-1,559","323,715","67,141","386,673","2,673",,0.89,2.03,0,"159,702","1,014","1,273","161,989","30,664","3,654","189,000","730,961","806,850",0.49,0.52
CISO,27Aug2025,Pacific,N,"720,721","779,348","667,191","-91,447",0,"347,397","54,293","1,101",,"67,886",,"166,752",,"38,851",,,,,"-9,093",,"-19,543","3,188",944,"6,075",,"-2,147","-24,962","-23,822",0,"-29,757",650,"-2,073","320,849","69,349","386,514","2,636",,0.89,2.03,0,"140,579","1,012","1,356","142,947","33,528","3,086","173,389","704,910","796,357",0.45,0.48
CISO,28Aug2025,Pacific,N,"707,416","750,146","620,549","-105,033",0,"356,699","54,327","1,104",,"56,277",,"112,271",,"41,415",,,,,"-1,549",,"-16,895",198,"-4,936","4,218",,"-2,187","-25,106","-26,874",0,"-30,487",704,"-3,668","312,696","71,160","363,800","2,489",,0.89,2.03,0,"144,031","1,014","1,117","146,162","37,511","1,853","181,820","651,237","756,270",0.49,0.53
CISO,29Aug2025,Pacific,N,"726,983","764,400","664,641","-85,426",0,"333,260","54,421","1,104",,"62,965",,"181,922",,"38,576",,,,,"-7,605",,"-15,957","1,294","-6,811","5,024",,"-3,784","-19,956","-22,087",0,"-21,949",606,"-1,806","309,974","70,120","381,781","2,526",,0.89,2.03,0,"134,532","1,015","1,415","136,962","29,921","2,249","164,634","706,197","791,623",0.43,0.46
CISO,30Aug2025,Pacific,N,"693,852","742,807","619,612","-109,656",0,"293,344","54,420","1,104",,"58,037",,"181,885",,"35,203",,,,,"-4,383",,"-18,560","-3,819","-14,698","5,217",,"-3,369","-26,217","-22,398",1,"-25,047",437,"-1,203","308,682","64,337","367,169","2,619",,0.89,2.03,0,"118,501","1,015","1,391","120,906","33,667","1,613","152,960","659,844","769,500",0.40,0.44
CISO,31Aug2025,Pacific,N,"701,882","747,714","614,932","-117,203",0,"299,669","54,213","1,103",,"55,860",,"176,339",,"33,022",,,,,"-5,272",,"-19,152",-699,"-14,040","7,126",,"-2,567","-31,032","-27,474",1,"-27,048",491,"-2,809","310,250","63,365","371,385","2,718",,0.89,2.03,0,"121,055","1,014","1,355","123,423","37,067","2,068","158,422","656,700","773,903",0.41,0.45
CISO,01Sep2025,Pacific,N,"729,809","777,400","647,763","-112,803",0,"335,204","54,166","1,104",,"64,118",,"174,508",,"25,410",,,,,"-6,750",,"-17,530","-6,989","-18,698","10,535",,"-2,580","-23,847","-28,064",1,"-25,566",469,-534,"327,555","67,276","379,767","2,800",,0.89,2.03,0,"135,499","1,015","1,339","137,853","36,821","2,783","171,890","688,180","800,983",0.44,0.47
CISO,02Sep2025,Pacific,N,"788,760","826,580","717,516","-90,429",0,"459,323","54,091","1,104",,"63,234",,"106,701",,"35,367",,,,,"-2,307",,"-16,173","-5,597","-6,248","5,993",,"-2,973","-5,313","-31,693",1,"-27,872",605,"-1,159","341,017","75,350","408,048","2,165",,0.89,2.03,0,"185,622","1,015","1,106","187,743","35,085","3,491","219,337","751,000","841,429",0.55,0.57
CISO,03Sep2025,Pacific,N,"776,998","830,379","761,958","-61,315",0,"456,626","54,247","1,103",,"62,922",,"170,254",,"23,116",,,,,"-6,310",,"-20,186","1,313","9,408","5,484",,"-4,714",-238,"-28,172",1,"-25,142",516,415,"324,867","76,425","426,427","2,660",,0.89,2.03,0,"184,779","1,014","1,322","187,116","29,830","6,329","210,616","805,195","866,510",0.51,0.54
CISO,04Sep2025,Pacific,N,"750,999","802,661","699,442","-90,864",0,"382,609","54,327","1,101",,"63,105",,"159,872",,"50,081",,,,,"-11,653",,"-22,633","-4,957","-1,887","7,871",,"-3,428","-9,078","-27,352",-5,"-30,934",623,916,"313,987","72,781","413,078","2,813",,0.89,2.03,0,"155,040","1,012","1,371","157,423","34,954","3,521","188,856","744,064","834,928",0.47,0.50
CISO,05Sep2025,Pacific,N,"723,085","752,888","675,789","-65,995",0,"345,687","54,352","1,102",,"58,582",,"168,616",,"46,553",,,,,895,,"-24,525","1,218","10,727","5,964",,"-4,493","-2,172","-24,006",-6,"-28,643",576,-635,"299,153","65,755","385,262","2,718",,0.89,2.03,0,"140,279","1,013","1,402","142,694","30,267","4,921","168,040","715,235","781,230",0.44,0.47
CISO,06Sep2025,Pacific,N,"644,946","699,066","626,335","-57,585",0,"302,998","54,348","1,100",,"63,089",,"174,107",,"37,872",,,,,"-7,177",,"-16,727",807,"2,694","5,347",,"-3,925","3,578","-26,813",-6,"-23,413",520,353,"277,035","61,719","357,728","2,584",,0.89,2.03,0,"122,564","1,011","1,391","124,967","27,255","5,151","147,070","669,655","727,240",0.41,0.45
CISO,07Sep2025,Pacific,N,"636,967","689,731","579,837","-97,626",0,"263,724","54,346","1,102",,"54,265",,"172,161",,"36,710",,,,,"-2,470",,"-20,601","-4,122","-5,678","4,756",,"-3,914","-11,439","-29,165",-6,"-27,358",193,-292,"264,429","64,776","357,985","2,542",,0.89,2.03,0,"106,852","1,016","1,365","109,233","33,267","2,329","140,172","623,449","721,075",0.39,0.43
CISO,08Sep2025,Pacific,N,"688,105","738,370","640,502","-90,712",0,"292,325","54,318","1,102",,"61,719",,"178,294",,"57,624",,,,,"-4,879",,"-21,267","1,297","-3,289","6,431",,"-4,397","-10,809","-30,303",-6,"-26,493",226,"-2,102","295,127","66,386","374,363","2,492",,0.90,2.03,0,"118,733","1,015","1,489","121,238","32,999","3,227","151,010","684,788","775,500",0.39,0.43
CISO,09Sep2025,Pacific,N,"659,905","712,404","636,648","-71,904",0,"276,398","54,330","1,101",,"65,450",,"176,715",,"71,433",,,,,"-8,779",,"-20,362","4,775","2,101","5,736",,"-5,984","-3,970","-28,740",-6,"-23,815",186,"-1,825","299,927","60,097","349,930","2,447",,0.89,2.03,0,"111,983","1,014","1,533","114,531","29,906","4,227","140,210","680,403","752,307",0.37,0.41
CISO,10Sep2025,Pacific,N,"637,465","697,161","609,685","-87,672",0,"245,977","54,327","1,103",,"64,316",,"174,210",,"75,509",,,,,"-5,756",,"-23,460","3,043",208,"3,268",,"-7,640","-11,282","-25,346",-4,"-24,707",281,"-2,033","292,985","60,274","341,655","2,250",,0.89,2.03,0,"99,520","1,014","1,547","102,081","31,612","3,069","130,624","653,582","741,254",0.34,0.39
CISO,11Sep2025,Pacific,N,"627,233","676,872","560,919","-112,857",0,"215,238","54,309","1,104",,"54,918",,"169,516",,"69,821",,,,,"-3,992",,"-21,895","-4,008","-8,580","2,942",,"-8,619","-23,132","-25,378",-5,"-23,269",216,"-1,129","283,564","59,087","331,940","2,281",,0.89,2.03,0,"87,097","1,017","1,467","89,581","33,346","1,277","121,651","601,669","714,526",0.33,0.38
CISO,12Sep2025,Pacific,N,"639,637","675,088","571,397","-97,304",0,"205,125","54,344","1,104",,"62,440",,"171,666",,"80,996",,,,,"-4,278",,"-23,936","2,184","-2,388","2,267",,"-8,429","-15,608","-25,621",-6,"-24,863",314,"-1,218","286,815","56,958","329,114","2,202",,0.89,2.03,0,"82,967","1,016","1,549","85,532","31,748","1,931","115,350","613,191","710,495",0.31,0.36
CISO,13Sep2025,Pacific,N,"588,404","636,136","537,500","-87,150",0,"196,263","54,366","1,104",,"59,226",,"171,815",,"62,054",,,,,"-7,320",,"-24,125","5,245","3,172","2,948",,"-8,582","-16,549","-22,991",-6,"-25,397",317,"-1,182","267,750","54,600","311,566","2,221",,0.89,2.03,0,"79,312","1,017","1,461","81,789","30,815","2,199","110,406","581,219","668,369",0.31,0.36
CISO,14Sep2025,Pacific,N,"589,821","624,617","500,664","-113,704",0,"188,949","54,363","1,102",,"54,164",,"157,806",,"50,622",,,,,"-6,340",,"-22,132",-222,"-9,795","2,363",,"-8,323","-25,688","-25,217",-6,"-24,212",222,-694,"260,153","54,177","307,987","2,298",,0.89,2.03,0,"76,465","1,014","1,345","78,824","32,724","1,500","110,049","543,474","657,178",0.32,0.37
CISO,15Sep2025,Pacific,N,"692,209","725,824","586,923","-124,861",0,"291,545","54,325","1,100",,"57,950",,"165,380",,"20,719",,,,,"-4,088",,"-21,704","-3,175","-15,036",396,,"-7,288","-24,133","-25,036",0,"-27,991",172,"-1,066","302,518","63,228","357,890","2,190",,0.89,2.03,0,"117,723","1,011","1,276","120,010","34,741",755,"153,996","627,890","752,751",0.42,0.45
CISO,16Sep2025,Pacific,N,"749,499","781,251","653,488","-118,435",0,"357,481","54,211",863,,"57,604",,"168,172",,"17,419",,,,,"-2,264",,"-22,266","-1,642","-15,092","1,720",,"-7,159","-17,746","-29,517",0,"-27,800",414,653,"321,258","70,958","386,596","2,445",,0.89,2.03,0,"144,275",,"1,266","146,347","36,371","1,233","181,485","691,127","809,562",0.47,0.49
CISO,17Sep2025,Pacific,N,"756,626","791,345","638,282","-140,193",0,"367,098","54,297","1,104",,"65,025",,"130,614",,"35,362",,,,,"-15,215",,"-23,618","-2,754","-17,315","3,556",,"-4,499","-28,461","-32,937",0,"-34,704",534,5,"326,311","72,064","390,636","2,330",,0.89,2.03,0,"148,054","1,017","1,176","150,246","44,996","1,359","193,883","677,086","817,279",0.49,0.52
CISO,18Sep2025,Pacific,N,"738,831","742,547","558,401","-164,682",0,"341,886","54,295","1,104",,"67,259",,"57,940",,"31,743",,,,,"4,177",,"-22,917","-12,528","-27,757","2,523",,"-4,951","-29,598","-34,043",0,"-32,387",423,"-3,447","314,099","69,376","357,363","1,714",,0.89,2.03,0,"137,897","1,015",879,"139,791","51,759",848,"190,702","573,908","738,590",0.54,0.57
CISO,19Sep2025,Pacific,N,"700,883","718,099","560,910","-144,647",0,"303,577","54,269","1,100",,"65,655",,"126,425",,"12,470",,,,,"-2,588",,"-23,749","-8,268","-11,996","1,633",,"-4,621","-37,205","-27,669",0,"-28,746",356,"-4,382","292,603","67,094","356,197","2,206",,0.89,2.03,0,"122,645","1,011","1,081","124,737","45,341",593,"169,485","588,800","733,447",0.47,0.51
CISO,20Sep2025,Pacific,N,"623,493","677,512","522,499","-148,837",0,"222,712","54,239","1,104",,"54,642",,"167,668",,"27,979",,,,,"-5,847",,"-26,046","-11,042","-19,564","2,935",,"-4,469","-31,576","-26,847",0,"-29,048",147,"-3,327","281,556","60,405","333,229","2,328",,0.89,2.03,0,"90,047","1,016","1,285","92,349","43,242",621,"134,970","561,580","710,417",0.36,0.42
CISO,21Sep2025,Pacific,N,"606,157","643,395","459,489","-160,689",0,"209,171","54,273","1,098",,"51,649",,"113,548",,"42,301",,,,,"-12,547",,"-22,399","-11,164","-25,636","1,073",,"-3,074","-31,292","-29,125",0,"-35,327",110,"-3,855","276,224","62,063","302,882","2,226",,0.89,2.03,0,"84,550","1,009","1,094","86,652","44,907",245,"131,314","497,687","658,376",0.38,0.44
CISO,22Sep2025,Pacific,N,"698,372","720,114","574,508","-131,561",0,"287,546","54,263","1,100",,"62,386",,"140,540",,"28,966",,,,,-291,,"-25,197",-648,"-13,086","1,286",,"-5,146","-23,490","-29,997",-5,"-32,957",344,"-2,665","307,884","62,392","347,536","2,301",,0.89,2.02,0,"116,166","1,010","1,230","118,406","40,531",923,"158,014","611,789","743,350",0.43,0.47
CISO,23Sep2025,Pacific,N,"734,256","770,659","635,491","-132,298",0,"345,814","54,167","1,098",,"63,700",,"152,787",,"19,518",,,,,"-1,597",,"-27,048","-3,472","-11,925","1,881",,"-6,029","-22,122","-33,177",-3,"-29,752",340,-991,"333,609","65,207","369,458","2,387",,0.89,2.02,0,"139,726","1,008","1,243","141,976","41,312",774,"182,515","673,478","805,776",0.46,0.50
CISO,24Sep2025,Pacific,N,"712,930","755,101","624,866","-124,109",0,"341,599","54,138","1,103",,"60,656",,"133,906",,"35,061",,,,,"-1,596",,"-26,684","-6,323","-5,439","3,006",,"-4,755","-21,275","-34,228",-4,"-30,392",474,"1,511","315,976","65,964","370,739","2,424",,0.89,2.02,0,"138,047","1,012","1,205","140,264","41,643","1,211","180,696","659,210","783,319",0.47,0.51
CISO,25Sep2025,Pacific,N,"666,087","700,273","573,694","-118,219",0,"246,962","54,162","1,091",,"48,767",,"158,157",,"75,849",,,,,"-11,294",,"-20,962","-6,715","-17,492","3,666",,"-4,730","-22,775","-25,536",-6,"-23,304",349,-714,"302,065","60,441","335,294","2,472",,0.89,2.02,0,"99,773","1,001","1,400","102,175","36,237",797,"137,615","616,004","734,223",0.37,0.41
CISO,26Sep2025,Pacific,N,"642,770","677,155","532,750","-132,992",0,"218,228","54,252","1,101",,"46,625",,"150,011",,"71,594",,,,,"-9,056",,"-27,702","-2,774","-8,895",743,,"-7,186","-25,160","-30,393",-2,"-29,310",323,"-2,636","293,895","61,337","319,852","2,077",,0.89,2.02,0,"88,356","1,010","1,355","90,722","40,566",401,"130,886","575,412","708,404",0.35,0.41
CISO,27Sep2025,Pacific,N,"574,488","628,629","484,865","-120,957",0,"231,671","54,179","1,095",,"44,015",,"124,249",,"33,061",,,,,"-3,404",,"-25,197",368,930,118,,"-7,747","-22,294","-29,652",-5,"-35,335",498,"-2,641","275,659","55,348","295,474","2,145",,0.89,2.02,0,"93,809","1,005","1,105","95,919","38,483",989,"133,413","523,084","644,041",0.40,0.46
CISO,28Sep2025,Pacific,N,"549,935","608,891","482,415","-113,033",0,"220,310","54,096","1,101",,"39,277",,"147,613",,"25,580",,,,,"-5,564",,"-26,903","-2,924","1,948",271,,"-8,758","-20,799","-25,112",-6,"-27,631",202,"-3,321","270,568","53,959","282,208","2,155",,0.89,2.02,0,"89,231","1,010","1,154","91,396","37,249","1,297","127,347","524,681","637,714",0.38,0.44
CISO,29Sep2025,Pacific,N,"619,105","665,351","520,059","-128,249",0,"252,602","53,980","1,091",,"50,893",,"145,031",,"19,987",,,,,"-3,520",,"-25,296",577,"-15,684",628,,"-7,390","-24,187","-28,520",-5,"-27,730",438,"-1,080","287,686","58,175","317,254","2,237",,0.89,2.02,0,"102,158","1,000","1,157","104,316","38,230",929,"141,617","557,774","686,023",0.41,0.46
CISO,30Sep2025,Pacific,N,"606,754","663,518","553,688","-104,728",0,"236,947","53,870","1,104",,"43,567",,"154,568",,"66,390",,,,,"-2,760",,"-26,365","1,112","-12,936","1,056",,"-7,565","-5,590","-28,476",-6,"-26,212",419,-165,"287,202","57,106","316,972","2,236",,0.89,2.02,0,"95,937","1,013","1,359","98,309","34,340","2,040","130,609","595,100","699,828",0.36,0.41
CISO,01Oct2025,Pacific,N,"606,208","667,305","544,460","-118,233",0,"239,028","53,866","1,102",,"49,231",,"156,295",,"46,627",,,,,"-1,686",,"-27,677",828,"-11,511","3,064",,"-9,396","-12,280","-33,420",-7,"-27,551",507,-790,"289,875","55,554","319,719","2,160",,0.89,2.02,0,"96,781","1,011","1,319","99,111","37,650","1,650","135,111","586,636","704,869",0.37,0.42
CISO,02Oct2025,Pacific,N,"605,642","660,681","535,207","-114,474",0,"241,557","53,852","1,104",,"60,051",,"142,252",,"42,140",,,,,"-5,750",,"-28,067","9,944","-12,442","3,017",,"-8,659","-12,783","-36,188",-6,"-28,892",334,-732,"283,655","55,633","319,214","2,179",,0.89,2.02,0,"97,660","1,014","1,257","99,931","40,344","3,429","136,845","572,933","687,407",0.38,0.44
CISO,03Oct2025,Pacific,N,"575,988","639,025","539,001","-98,546",0,"217,648","53,933","1,104",,"46,236",,"146,349",,"89,407",,,,,"-15,675",,"-27,388","11,917","-9,959","3,020",,"-9,337","-5,506","-34,766",-6,"-25,746",385,"-1,160","269,309","55,974","311,720","2,022",,0.89,2.02,0,"88,095","1,014","1,389","90,498","35,509","4,244","121,763","583,828","682,374",0.34,0.39
CISO,04Oct2025,Pacific,N,"512,191","563,744","461,041","-98,158",0,"178,625","53,500","1,102",,"39,712",,"134,915",,"56,491",,,,,"-3,299",,"-26,264","7,145","-6,516","1,617",,"-10,175","-3,324","-34,677",-4,"-25,093",245,"-1,112","237,466","48,404","276,111","1,766",,0.90,2.03,0,"72,523","1,014","1,214","74,750","34,671","3,910","105,511","498,588","596,746",0.33,0.39
CISO,05Oct2025,Pacific,N,"509,631","563,405","455,779","-102,843",0,"206,533","27,438",571,,"47,328",,"153,937",,"18,295",,,,,"1,678",,"-25,912","3,926","-4,481",389,,"-12,009","-7,934","-34,871",-3,"-23,182",20,"1,214","237,795","48,253","275,377","1,979",,0.90,2.02,0,"83,912",,"1,110","85,569","34,066","2,764","116,871","498,731","601,574",0.38,0.43
CISO,06Oct2025,Pacific,N,"578,263","625,090","524,820","-95,968",0,"272,064","27,165",-41,,"49,108",,"159,071",,"22,955",,,,,"-5,500",,"-22,858","9,569","-6,852","2,199",,"-10,701","-12,972","-32,136",-7,"-22,746",186,350,"266,424","55,437","301,189","2,044",,0.89,2.02,0,"110,035",,"1,127","111,161","33,496","3,655","141,002","568,131","664,099",0.43,0.47
CISO,07Oct2025,Pacific,N,"607,635","636,216","527,795","-107,401",0,"279,419","27,168",-26,,"54,392",,"153,734",,"19,839",,,,,"-6,729",,"-21,356","7,014","-9,338","1,726",,"-8,950","-20,193","-32,254",-6,"-21,906",288,"-2,426","273,239","55,493","305,439","2,047",,0.89,2.02,0,"112,891",,"1,115","114,006","35,735","2,429","147,312","572,327","679,728",0.44,0.48
CISO,08Oct2025,Pacific,N,"582,746","632,316","526,000","-98,171",0,"268,197","27,165",-16,,"52,367",,"151,211",,"35,731",,,,,"-8,658",,"-19,046","10,645","-12,923","3,522",,"-8,736","-16,875","-33,204",-6,"-20,396",439,"-1,591","270,175","55,984","304,049","2,114",,0.89,2.02,0,"108,293",,"1,159","109,452","33,367","3,754","139,065","572,684","670,855",0.42,0.46
CISO,09Oct2025,Pacific,N,"587,224","621,317","494,142","-116,265",0,"281,447","27,132",0,,"55,153",,"112,034",,"19,401",,,,,"-1,023",,"-17,812","6,415","-20,631","3,613",,"-6,295","-16,942","-35,797",-7,"-25,249",98,"-3,658","263,258","56,256","300,082","1,716",,0.89,,0,"113,624",0,935,"114,558","38,428","2,812","150,175","527,064","643,329",0.48,0.51
CISO,10Oct2025,Pacific,N,"603,335","625,776","470,197","-136,527",0,"270,926","27,160",0,,"58,632",,"93,541",,"29,242",,,,,"-9,299",,"-18,476","7,396","-32,336","1,915",,"-4,287","-26,737","-30,720",-8,"-30,009",256,"-3,521","252,027","60,285","311,556","1,907",,0.89,,0,"109,206",0,868,"110,074","42,189","2,291","149,971","499,027","635,554",0.49,0.52
CISO,11Oct2025,Pacific,N,"520,826","575,127","461,984","-116,836",0,"178,286","27,302",-24,,"42,931",,"134,316",,"84,888",,,,,"-5,721",,"-19,221","1,179","-23,795","3,181",,"-7,377","-17,998","-29,399",-8,"-20,430",-14,"-2,954","235,526","54,313","283,240","2,052",,0.89,2.02,0,"72,143",,"1,236","73,379","33,585","1,408","105,555","503,035","619,871",0.32,0.38
CISO,12Oct2025,Pacific,N,"479,501","546,485","419,212","-124,670",0,"168,370","27,326",-72,,"39,188",,"139,488",,"47,461",,,,,"-2,545",,"-17,949",-693,"-19,705","1,720",,"-9,379","-24,375","-33,069",-8,"-18,535",-39,"-2,638","230,031","50,134","264,452","1,872",,0.89,2.02,0,"67,959",,"1,126","69,085","33,111",595,"101,601","464,330","589,000",0.33,0.38
CISO,13Oct2025,Pacific,N,"557,951","592,575","491,319","-94,910",0,"246,279","27,332",713,,"49,590",,"110,018",,"62,478",,,,,"-5,093",,"-16,778","7,403","-11,402","1,725",,"-9,520","-11,245","-34,691",-8,"-15,846",119,"-4,667","254,046","56,091","280,528","1,916",,0.89,2.02,0,"99,411",,"1,045","101,131","30,304","2,033","129,402","521,584","616,494",0.43,0.46
CISO,14Oct2025,Pacific,N,"581,443","594,361","488,398","-104,891",0,"285,073","27,285","1,095",,"50,029",,"87,632",,"44,147",,,,,"-6,865",,"-25,623","6,410","-12,024","1,214",,"-9,526","-4,699","-33,421",-8,"-21,178",49,"-6,085","254,285","57,090","281,500","1,490",,0.89,2.02,0,"115,163","1,006",886,"117,055","34,148","2,527","148,675","518,977","623,868",0.50,0.53
CISO,15Oct2025,Pacific,N,"544,130","578,784","508,643","-73,454",0,"265,813","27,286","1,104",,"35,403",,"133,479",,"52,147",,,,,"-6,585",,"-29,052","7,758","2,163",506,,"-10,382","9,165","-28,483",-7,"-21,152",143,"-4,113","251,588","52,726","272,523","1,943",,0.89,2.03,0,"107,512","1,015","1,084","109,612","28,409","5,398","132,622","551,802","625,256",0.44,0.47
CISO,16Oct2025,Pacific,N,"524,287","578,865","460,460","-117,892",0,"247,730","27,293","1,093",,"31,998",,"141,821",,"20,951",,,,,"-10,435",,"-30,591","6,679","-8,695","1,615",,"-11,024","-12,559","-33,985",-4,"-25,038",135,"-4,425","248,862","49,693","278,375","1,937",,0.89,2.03,0,"100,518","1,007",984,"102,508","36,570","3,028","136,050","507,294","625,186",0.45,0.48
CISO,17Oct2025,Pacific,N,"522,090","579,259","431,095","-140,912",0,"216,440","27,261","1,104",,"34,927",,"135,966",,"15,705",,,,,-305,,"-29,291","5,649","-22,329",592,,"-10,546","-21,809","-33,338",-6,"-25,922",141,"-4,053","244,476","50,942","281,962","1,877",,0.89,2.03,0,"87,570","1,015",978,"89,563","38,825","1,471","126,917","474,616","615,528",0.42,0.45
CISO,18Oct2025,Pacific,N,"489,279","560,110","433,318","-123,265",0,"227,567","27,256","1,098",,"27,521",,"132,612",,"17,667",,,,,-402,,"-33,093","1,526","-12,789","1,748",,"-10,214","-8,140","-32,514",-7,"-25,749",-137,"-3,896","236,536","49,267","272,472","1,834",,0.89,2.03,0,"92,148","1,010",959,"94,118","37,397","1,645","129,870","480,753","604,018",0.43,0.47
CISO,19Oct2025,Pacific,N,"485,982","552,709","397,804","-147,531",0,"207,398","27,234","1,093",,"28,698",,"119,233",,"32,500",,,,,"-18,355",,"-32,213","1,524","-33,294",36,,"-9,394","-7,180","-35,479",-7,"-27,759",-88,"-3,677","235,319","48,693","266,802","1,894",,0.89,2.03,0,"84,163","1,006",900,"86,069","38,644",610,"124,103","445,056","592,587",0.43,0.46
CISO,20Oct2025,Pacific,N,"550,478","603,234","471,522","-132,543",0,"240,254","27,238","1,097",,"30,408",,"134,849",,"35,901",,,,,"1,781",,"-34,080","4,828","-23,951",767,,"-9,475","-6,039","-33,601",-7,"-27,530",335,"-3,790","256,049","51,275","293,953","1,957",,0.90,2.03,0,"97,670","1,009","1,034","99,713","37,585","1,385","135,913","512,987","645,530",0.43,0.46
CISO,21Oct2025,Pacific,N,"571,869","607,704","476,344","-122,450",0,"283,988","27,180","1,103",,"34,279",,"116,742",,"12,267",,,,,789,,"-25,441","1,815","-10,436",258,,"-8,013","-13,373","-36,382",-6,"-28,172",458,"-3,158","257,323","52,473","295,956","1,955",,0.89,2.03,0,"114,887","1,015",868,"116,770","38,844","1,251","154,363","513,209","635,659",0.50,0.54
CISO,22Oct2025,Pacific,N,"562,600","609,173","505,485","-100,249",0,"255,730","27,144","1,098",,"38,974",,"116,906",,"77,706",,,,,"-12,073",,"-24,052","6,269","-13,929",824,,"-9,025","-4,453","-31,652",-6,"-21,991",406,"-2,640","263,541","52,304","291,357","1,975",,0.89,2.03,0,"103,502","1,009","1,112","105,623","34,330","2,032","137,921","548,959","649,208",0.42,0.47
CISO,23Oct2025,Pacific,N,"539,467","595,963","480,913","-109,426",0,"227,271","27,216","1,104",,"35,732",,"136,074",,"58,930",,,,,"-5,409",,"-29,322","5,077","-14,085","1,600",,"-8,943","-6,622","-30,824",-7,"-24,251",121,"-2,170","255,001","52,425","286,569","1,968",,0.89,2.02,0,"91,981","1,014","1,126","94,121","36,030","2,093","128,058","524,257","633,683",0.40,0.45
CISO,24Oct2025,Pacific,N,"543,966","593,721","485,400","-97,658",0,"248,006","27,293","1,104",,"44,521",,"139,561",,"32,198",,,,,"-7,275",,"-22,864","6,937","-15,340",925,,"-8,789","-2,917","-30,687",-4,"-22,551",102,"-2,470","249,942","52,419","289,440","1,920",,0.89,2.03,0,"100,427","1,015","1,056","102,498","32,248","2,857","131,890","526,692","624,350",0.43,0.47
CISO,25Oct2025,Pacific,N,"512,727","566,801","462,477","-97,415",0,"212,787","27,299","1,104",,"43,358",,"126,895",,"55,588",,,,,"-4,549",,"-21,988","8,069","-20,369","1,871",,"-9,644","-4,168","-27,903",-5,"-20,329",224,"-3,173","244,709","50,177","270,032","1,882",,0.89,2.03,0,"85,990","1,016","1,093","88,099","29,916","2,437","115,577","501,032","598,447",0.39,0.43
CISO,26Oct2025,Pacific,N,"493,158","543,401","442,469","-104,825",0,"177,210","27,298","1,102",,"40,661",,"117,308",,"89,556",,,,,"-10,663",,"-27,952","6,476","-18,326",942,,"-9,063","-2,108","-28,015",-6,"-24,162",-40,"-2,571","236,847","48,275","256,363","1,914",,0.89,2.03,0,"71,609","1,014","1,166","73,790","30,910","2,539","102,161","484,793","589,618",0.34,0.38
CISO,27Oct2025,Pacific,N,"541,152","593,285","483,127","-109,292",0,"230,036","27,314","1,100",,"41,656",,"125,218",,"59,967",,,,,"-2,150",,"-30,331","10,289","-19,896","2,987",,"-9,535","-5,357","-30,329",-3,"-24,377",122,"-2,862","253,173","52,558","285,599","1,958",,0.89,2.03,0,"93,081","1,011","1,128","95,219","34,804","2,885","127,138","527,414","636,706",0.40,0.44
CISO,28Oct2025,Pacific,N,"564,336","607,088","523,133","-85,130",0,"283,837","27,315","1,104",,"47,220",,"137,177",,"30,670",,,,,"-4,183",,"-29,339","11,603","2,687","2,098",,"-7,448","-6,538","-29,964",-3,"-24,826",201,"-3,601","246,932","54,307","303,876","1,971",,0.90,2.02,0,"115,306","1,013","1,080","117,399","34,715","4,907","147,207","568,667","653,797",0.46,0.50
CISO,29Oct2025,Pacific,N,"578,647","624,004","512,225","-109,040",0,"293,494","27,269","1,104",,"46,804",,"135,640",,"13,388",,,,,"-5,465",,"-24,596","4,592","-21,164","2,263",,"-7,395","-8,578","-30,030",0,"-22,855",43,"-1,320","250,890","56,666","314,466","1,977",,0.89,2.03,0,"119,012","1,015","1,004","121,031","35,108","2,008","154,132","558,326","667,366",0.48,0.51
CISO,30Oct2025,Pacific,N,"574,097","617,272","517,956","-94,370",0,"295,339","27,282","1,016",,"44,075",,"134,056",,"18,089",,,,,"-1,891",,"-27,507","7,884","-2,778","1,063",,"-7,800","-6,446","-29,952",-2,"-25,575",8,"-3,265","248,997","55,811","310,511","1,949",,0.89,2.03,0,"119,032",,"1,012","120,978","35,209","2,506","153,681","562,211","656,581",0.47,0.52
CISO,31Oct2025,Pacific,N,"551,512","597,531","493,726","-94,458",0,"275,484","27,331","1,099",,"47,692",,"132,083",,"22,438",,,,,"-12,398",,,,,,,,,,,,,,"246,968","54,136","294,508","1,921",,0.89,2.03,0,"111,064","1,010","1,001","113,075",,,,"539,726",,0.46,
CISO,01Nov2025,Pacific,N,"499,428","499,428","494,005",,0,"273,373","27,330","1,096",,"48,342",,"132,083",,"21,709",,,,,"-9,925",,"-23,942","-7,238","-26,791",914,,"-7,705","-6,527","-28,493",3,"-22,757",-207,-840,,,,,,0.89,2.02,0,"110,150","1,006","1,011","112,167","34,477",935,"145,708","540,005","663,588",0.46,0.48
CISO,02Nov2025,Pacific,N,,"564,016","426,068","-131,464",0,"209,736","28,418","1,150",,"47,800",,"128,200",,"18,895",,,,,"-8,127",,"-30,042","-2,920","-22,791","2,142",,"-8,401","-11,369","-30,039",50,"-25,688",-394,"-2,012","235,915","53,554","272,566","1,975",,0.89,2.03,0,"85,130","1,057",997,"87,184","38,256","1,142","124,299","472,761","604,225",0.41,0.45
CISO,03Nov2025,Pacific,N,"540,073","585,061","487,785","-98,243",0,"256,397","27,202","1,102",,"47,846",,"124,902",,"35,094",,,,,"-4,756",,"-23,928","1,743","-8,257",216,,"-6,611","-10,133","-28,197",211,"-21,202",-200,"-1,885","245,800","53,955","283,318","1,988",,0.89,2.03,0,"103,720","1,013","1,039","105,771","33,527","1,590","137,708","530,417","628,660",0.44,0.48
CISO,04Nov2025,Pacific,N,"544,166","594,016","483,513","-126,901",0,"255,541","27,226","1,104",,"42,083",,"127,007",,"39,028",,,,,"-8,471",,"-26,774","-10,421","-18,527",870,,"-8,630","-12,369","-28,958",42,"-20,185",-266,"-1,683","251,311","52,060","288,662","1,982",,0.89,2.03,0,"103,560","1,015","1,038","105,613","35,713",304,"141,022","529,480","656,381",0.44,0.47
CISO,05Nov2025,Pacific,N,"562,889","599,283","472,879","-129,595",0,"238,028","31,641","1,101",,"47,244",,"99,231",,"57,525",,,,,"-1,888",,"-26,752","-11,281","-20,323",407,,"-8,975","-8,511","-29,935",-18,"-21,048",-141,"-3,018","259,729","54,036","283,553","1,964",,0.89,2.03,0,"96,203","1,012","1,029","98,244","36,082",189,"134,137","509,601","639,196",0.43,0.46
CISO,06Nov2025,Pacific,N,"547,867","599,923","481,429","-124,070",0,"213,791","39,130","1,104",,"31,661",,"117,907",,"84,703",,,,,"-6,862",,"-26,262","-12,768","-19,260",568,,"-8,785","-4,465","-29,017",-15,"-22,905",-175,-986,"258,617","52,500","286,873","1,935",,0.89,2.03,0,"86,542","1,015","1,188","88,745","34,785","1,068","122,461","526,934","651,004",0.37,0.41
CISO,07Nov2025,Pacific,N,"546,263","603,166","469,326","-127,039",0,"219,471","53,211","1,093",,"29,657",,"125,589",,"45,090",,,,,"-4,787",,"-21,879","-16,000","-20,306","1,578",,"-8,257","-6,055","-31,095",-48,"-23,326",-172,"-1,479","255,066","54,216","291,924","1,960",,0.89,2.03,0,"88,647","1,006","1,119","90,772","35,542",515,"125,799","514,606","641,645",0.39,0.43
CISO,08Nov2025,Pacific,N,"494,964","564,824","460,258","-103,813",0,"231,412","54,321","1,101",,"32,878",,"124,803",,"20,384",,,,,"-4,641",,"-25,104","-1,059","-4,220",717,,"-8,837","-11,789","-27,866",206,"-23,190",-288,"-2,383","234,013","50,393","278,506","1,909",,0.89,2.03,0,"93,788","1,012","1,025","95,825","34,802","1,637","128,990","501,845","605,658",0.42,0.47
CISO,09Nov2025,Pacific,N,"499,359","556,007","454,739","-97,185",0,"221,256","54,337","1,102",,"38,397",,"125,351",,"20,396",,,,,"-6,099",,"-22,720",582,"-5,257","1,683",,"-9,235","-9,863","-27,755",81,"-21,459",-434,"-2,808","231,310","48,947","273,826","1,929",,0.89,2.03,0,"89,590","1,013","1,044","91,647","32,168","1,703","122,112","496,557","593,742",0.41,0.45
CISO,10Nov2025,Pacific,N,"577,811","614,626","493,608","-123,036",0,"267,861","54,376","1,102",,"42,523",,"118,899",,"17,173",,,,,"-8,326",,"-27,214",209,"-13,583","1,663",,"-7,975","-16,210","-30,247",-44,"-26,458",-214,"-2,963","253,775","55,409","303,484","1,958",,0.89,2.02,0,"108,015","1,011","1,014","110,040","38,876","1,355","147,561","535,469","658,505",0.45,0.49
CISO,11Nov2025,Pacific,N,"587,361","605,522","481,056","-120,571",0,"281,559","54,400","1,104",,"44,293",,"82,313",,"18,220",,,,,-829,,"-27,816","-1,318","-17,097","3,537",,"-8,185","-11,160","-30,023",-94,"-25,926",-122,"-2,367","254,006","53,691","295,932","1,891",,0.89,2.02,0,"113,971","1,012",890,"115,872","37,303","1,158","152,017","516,389","636,960",0.49,0.53
CISO,12Nov2025,Pacific,N,"584,931","606,013","475,952","-124,149",0,"292,854","54,384","1,101",,"50,722",,"60,954",,"18,821",,,,,"-2,881",,"-25,456","-5,665","-14,374","1,213",,"-7,722","-12,828","-31,169",-51,"-25,935",-242,"-1,920","259,123","54,903","290,357","1,622",,0.89,2.02,0,"117,930","1,010",789,"119,729","40,899",478,"160,150","501,358","625,507",0.53,0.56
CISO,13Nov2025,Pacific,N,"578,732","602,775","477,567","-126,450",0,"248,991","54,356","1,099",,"45,871",,"89,147",,"52,998",,,,,"-14,890",,"-22,697","-9,664","-19,748",439,,"-7,179","-10,260","-31,317",-201,"-23,830",241,"-2,234","262,145","55,230","283,419","1,977",,0.89,2.02,0,"100,458","1,009","1,006","102,473","37,889",666,"139,696","514,373","640,823",0.44,0.48
CISO,14Nov2025,Pacific,N,"567,754","584,900","426,425","-150,095",0,"254,450","54,283","1,104",,"47,211",,"38,704",,"28,918",,,,,"1,757",,"-28,770","-13,698","-24,093","1,191",,"-7,275","-10,967","-31,602",-297,"-31,646",575,"-3,513","250,913","57,037","275,534","1,416",,0.89,2.03,0,"102,793","1,015",712,"104,520","44,556",488,"148,588","442,715","592,810",0.52,0.55
CISO,15Nov2025,Pacific,N,"524,567","547,173","394,215","-135,843",0,"240,836","54,290","1,102",,"43,447",,"17,562",,"39,455",,,,,"-2,478",,"-26,159","-9,728","-10,117",122,,"-6,857","-16,252","-32,017",-93,"-31,639",357,"-3,460","240,484","54,131","251,203","1,356",,0.89,2.03,0,"97,313","1,013",627,"98,953","44,781",418,"143,316","406,729","542,572",0.54,0.58
CISO,16Nov2025,Pacific,N,"503,588","535,541","405,138","-126,780",0,"216,059","54,262","1,095",,"32,961",,"57,320",,"49,698",,,,,"-6,257",,"-30,984","1,608","-7,311",688,,"-9,160","-20,948","-28,601",-66,"-27,529",-35,"-4,442","242,147","49,004","242,571","1,821",,0.89,2.03,0,"87,212","1,007",824,"89,043","42,100",731,"130,412","433,638","560,418",0.45,0.51
CISO,17Nov2025,Pacific,N,"556,587","581,142","432,656","-148,245",0,"250,194","54,274","1,076",,"35,664",,"53,362",,"45,329",,,,,"-7,240",,"-26,436","-5,034","-17,144",256,,"-8,019","-27,738","-29,097",-165,"-31,001",-273,"-3,594","260,623","51,225","267,331","1,966",,0.89,2.02,0,"101,407",987,798,"103,192","44,530",121,"147,602","460,940","609,185",0.49,0.53
CISO,18Nov2025,Pacific,N,"552,786","570,665","455,356","-107,884",0,"259,783","54,237","1,098",,"37,169",,"74,053",,"28,267",,,,,743,,"-17,014","-3,429","-10,984",488,,"-8,276","-12,385","-30,223",5,"-23,969",-301,"-1,796","249,850","52,394","266,691","1,734",,0.89,2.02,0,"104,726","1,008",858,"106,592","34,998",736,"140,854","486,258","594,142",0.48,0.52
CISO,19Nov2025,Pacific,N,"548,006","582,643","492,065","-89,379",0,"290,891","54,200","1,104",,"40,203",,"91,232",,"17,729",,,,,"-3,284",,"-15,614",349,"-3,673",634,,"-9,919","-5,533","-30,619",106,"-24,120",-455,-535,"261,614","50,046","268,960","2,020",,0.89,2.03,0,"117,327","1,015",892,"119,234","30,797","1,614","148,418","526,273","615,652",0.50,0.53
CISO,20Nov2025,Pacific,N,"566,237","609,503","487,620","-120,564",0,"296,057","54,175","1,101",,"48,691",,"67,636",,"27,721",,,,,"-7,757",,"-15,741","-7,700","-7,664",135,,"-9,981","-22,234","-29,423",40,"-26,648",-389,-959,"266,974","54,497","285,729","2,304",,0.89,2.02,0,"119,515","1,011",855,"121,381","37,673",145,"158,909","521,789","642,353",0.51,0.55
CISO,21Nov2025,Pacific,N,"543,416","571,463","444,165","-114,630",0,"276,002","54,201",656,,"43,415",,"29,204",,"37,604",,,,,"3,084",,"-13,547","-11,381","-7,186",106,,"-6,844","-11,215","-29,514",103,"-33,067",-302,"-1,783","251,209","53,580","264,883","1,790",,0.89,2.03,0,"111,570",,717,"112,907","38,998",793,"151,111","465,164","579,794",0.54,0.57
CISO,22Nov2025,Pacific,N,"500,043","539,599","395,544","-123,214",0,"226,868","54,209","1,091",,"46,721",,"47,310",,"22,595",,,,,"-3,246",,"-13,797","-5,766","-3,547",95,,"-7,176","-23,506","-33,182",154,"-34,507",-279,"-1,703","234,114","54,024","249,688","1,775",,0.89,2.03,0,"91,641","1,005",730,"93,376","41,855",640,"134,592","419,840","543,054",0.49,0.55
CISO,23Nov2025,Pacific,N,"472,958","523,781","411,711","-103,737",0,"187,842","54,172","1,082",,"45,482",,"101,058",,"28,576",,,,,"-6,498",,"-16,081","-2,880","-2,684","1,720",,"-10,179","-20,917","-26,528",159,"-25,543",-257,-547,"238,452","48,479","234,682","2,171",,0.89,2.03,0,"76,067",997,982,"78,047","34,246","1,527","110,766","446,933","550,670",0.38,0.44
CISO,24Nov2025,Pacific,N,"532,665","582,233","427,924","-144,305",0,"213,994","54,209","1,073",,"43,606",,"89,081",,"30,389",,,,,"-4,422",,"-21,522","-11,810","-19,080",482,,"-9,747","-23,765","-32,550",-133,"-26,165",-124,109,"262,828","52,393","264,786","2,225",,0.89,2.03,0,"86,475",986,954,"88,416","40,068",260,"128,224","465,721","610,026",0.42,0.46
CISO,25Nov2025,Pacific,N,"544,441","595,126","468,180","-118,318",0,"261,808","54,230","1,088",,"45,775",,"89,974",,"16,577",,,,,"-1,272",,"-19,122","-7,306","-2,184",260,,"-9,888","-19,527","-34,642",225,"-25,093",-159,-882,"266,366","52,578","273,905","2,282",,0.89,2.03,0,"106,200","1,001",920,"108,120","38,266",390,"145,996","504,517","622,835",0.47,0.52
CISO,26Nov2025,Pacific,N,"543,269","602,923","487,755","-109,373",0,"272,704","54,223","1,096",,"50,149",,"98,156",,"19,556",,,,,"-8,126",,"-18,413","-3,889",331,95,,"-9,468","-18,040","-33,430",232,"-25,433",5,"-1,363","268,053","53,637","278,964","2,271",,0.89,2.03,0,"110,313","1,009",981,"112,302","35,898",840,"147,360","531,533","640,906",0.47,0.51
CISO,27Nov2025,Pacific,N,"499,234","554,272","429,463","-109,208",0,"252,574","54,183","1,103",,"42,920",,"76,866",,"10,515",,,,,"-8,693",,"-18,653","-4,893","1,261",48,,"-8,841","-18,461","-31,801",216,"-26,658",-130,"-1,296","249,608","49,619","252,858","2,188",,0.89,2.03,0,"102,286","1,014",809,"104,109","37,807",836,"141,080","466,164","575,372",0.49,0.54
CISO,28Nov2025,Pacific,N,"492,804","563,521","436,464","-116,698",0,"216,516","54,192","1,104",,"40,788",,"88,398",,"38,123",,,,,"-2,652",,"-22,496","-5,670","-4,567",373,,"-9,896","-13,572","-33,260",89,"-26,640",-107,-952,"262,589","48,992","249,761","2,188",,0.90,2.02,0,"88,020","1,014",979,"90,012","33,519",170,"123,361","474,803","591,501",0.42,0.46
CISO,29Nov2025,Pacific,N,"490,802","556,674","436,412","-108,465",0,"233,957","54,225","1,103",,"43,414",,"83,993",,"17,869",,,,,"1,856",,"-21,722","-1,283",-747,156,,"-10,498","-14,308","-33,615",197,"-25,342",-125,"-1,178","256,852","48,297","249,284","2,241",,0.90,2.02,0,"95,168","1,012",919,"97,099","33,545",432,"130,212","476,530","584,995",0.45,0.49
CISO,30Nov2025,Pacific,N,"493,879","560,123","440,999","-111,591",0,"234,020","54,201","1,095",,"42,148",,"69,759",,"44,827",,,,,"-5,046",,"-22,298","-6,007",49,64,,"-10,308","-13,937","-31,501",199,"-25,563",-208,"-2,081","264,599","48,649","244,540","2,337",,0.89,2.02,0,"94,457","1,006",901,"96,363","35,576",889,"131,051","471,817","583,408",0.45,0.50
CISO,01Dec2025,Pacific,N,"563,322","611,018","506,998","-99,990",0,"288,416","54,170","1,104",,"50,719",,"93,885",,"27,650",,,,,"-8,941",,"-22,704","1,139","1,045","1,203",,"-9,501","-27,322","-14,149",-175,"-26,831",10,"-2,705","276,972","53,162","278,358","2,526",,0.89,2.02,0,"116,057","1,013","1,001","118,072","34,008","1,699","150,381","552,626","652,616",0.47,0.51
CISO,02Dec2025,Pacific,N,"574,586","606,173","483,989","-108,737",0,"271,234","54,132","1,101",,"51,758",,"71,837",,"35,640",,,,,"-1,709",,"-24,304",-627,"-2,588",392,,"-9,435","-35,309","-2,968",-440,"-28,001",129,"-5,586","272,916","52,202","278,415","2,638",,0.89,2.03,0,"109,921","1,012",937,"111,871","34,497",884,"145,484","518,606","627,343",0.48,0.51
CISO,03Dec2025,Pacific,N,"571,561","618,748","534,146","-76,329",0,"315,910","54,162","1,100",,"47,311",,"85,950",,"35,108",,,,,"-5,395",,"-14,157",-359,"2,055",199,,"-8,254","-31,438",-194,-372,"-22,332",98,"-1,575","276,169","53,553","286,421","2,604",,0.89,2.03,0,"128,017","1,013",981,"130,011","25,211","1,422","153,800","574,813","651,142",0.50,0.52
CISO,04Dec2025,Pacific,N,"565,640","619,052","463,874","-143,142",0,"268,536","54,148","1,104",,"45,568",,"82,958",,"18,774",,,,,"-7,212",,"-18,601","-13,670","-20,645",257,,"-8,586","-51,927","-1,117",-676,"-26,365",249,"-2,061","278,641","53,201","284,557","2,660",,0.89,2.04,0,"108,621","1,022",889,"110,531","37,607",254,"147,885","503,096","646,238",0.48,0.50
CISO,05Dec2025,Pacific,N,"571,552","615,086","447,990","-158,670",0,"230,343","54,235","1,098",,"52,375",,"87,583",,"20,844",,,,,"1,515",,"-21,645","-15,681","-25,580",796,,"-8,935","-44,199","-13,433",-788,"-28,678",362,-889,"279,612","53,316","279,568","2,591",,0.89,2.04,0,"93,453","1,018",965,"95,435","36,460",313,"131,582","485,033","643,703",0.43,0.45
CISO,06Dec2025,Pacific,N,"521,188","585,984","380,229","-195,362",0,"167,873","54,290","1,104",,"42,638",,"84,105",,"32,598",,,,,"-2,376",,"-23,830","-27,296","-37,610",-125,,"-9,892","-33,824","-33,618",-627,"-28,849",139,170,"272,224","50,027","261,349","2,385",,0.90,2.04,0,"68,184","1,024",944,"70,151","38,613",146,"108,618","417,060","612,422",0.37,0.39
CISO,07Dec2025,Pacific,N,"510,819","573,759","370,398","-187,769",0,"180,600","54,269","1,104",,"45,979",,"81,816",,"13,685",,,,,"-7,050",,"-19,668","-25,813","-31,332",71,,"-8,571","-38,181","-36,038",-478,"-27,674",15,-100,"268,561","50,017","252,840","2,343",,0.89,2.04,0,"73,206","1,022",853,"75,082","41,777",118,"116,741","405,864","593,633",0.41,0.43
CISO,08Dec2025,Pacific,N,"583,050","630,910","432,939","-185,805",0,"232,227","54,228","1,103",,"50,426",,"81,229",,"19,516",,,,,"-5,788",,"-20,527","-18,414","-32,122",267,,"-8,850","-40,228","-37,219",-474,"-27,764",180,-654,"286,749","53,733","288,054","2,372",,0.89,2.05,0,"94,171","1,023",915,"96,109","42,786",183,"138,712","473,723","659,528",0.45,0.46
CISO,09Dec2025,Pacific,N,"593,952","641,355","453,965","-168,548",0,"246,119","54,240","1,104",,"50,144",,"87,454",,"20,975",,,,,"-6,072",,"-24,050","-6,338","-23,978",144,,"-9,615","-35,880","-36,701",-399,"-31,731",347,-347,"289,187","55,888","293,869","2,403",,0.90,2.04,0,"100,104","1,022",949,"102,076","45,580","1,557","146,099","496,690","665,238",0.45,0.48
CISO,10Dec2025,Pacific,N,"590,950","640,178","422,056","-206,482",0,"223,984","54,235","1,102",,"48,967",,"85,374",,"18,226",,,,,"-9,833",,"-22,247","-17,923","-33,280",6,,"-9,561","-60,157","-35,540",-578,"-27,000",397,-599,"287,874","56,358","293,976","1,976",,0.89,2.04,0,"90,859","1,017",909,"92,786","47,462",226,"140,022","464,031","670,513",0.44,0.46
CISO,11Dec2025,Pacific,N,"587,457","637,647","424,568","-204,199",0,"221,320","54,232","1,102",,"48,239",,"86,545",,"18,019",,,,,"-4,882",,"-24,459","-17,138","-34,736",437,,"-9,463","-52,422","-36,302",-517,"-29,602",336,-333,"287,103","54,905","293,370","2,273",,0.89,2.03,0,"89,600","1,017",920,"91,536","47,533",331,"138,737","464,119","668,318",0.43,0.46
CISO,12Dec2025,Pacific,N,"590,424","627,984","438,631","-169,159",0,"240,657","54,207","1,104",,"50,919",,"84,860",,"7,940",,,,,"-1,054",,"-17,236","-12,658","-30,054",-99,,"-7,337","-38,157","-34,739",-397,"-27,767",252,-967,"284,225","54,594","286,945","2,217",,0.89,2.03,0,"97,454","1,017",899,"99,371","38,356",191,"137,535","477,996","647,155",0.46,0.47
CISO,13Dec2025,Pacific,N,"548,237","593,277","411,976","-170,702",0,"212,092","54,181","1,099",,"50,904",,"84,199",,"16,027",,,,,"-6,521",,"-22,030","-9,274","-29,372",-45,,"-8,643","-34,864","-33,579",-361,"-31,254",-6,"-1,274","268,657","51,689","270,637","2,295",,0.89,2.04,0,"85,814","1,015",917,"87,745","38,925",260,"126,410","454,065","624,767",0.43,0.45
CISO,14Dec2025,Pacific,N,"531,802","588,055","378,272","-188,341",0,"197,329","54,182","1,104",,"49,616",,"72,148",,"6,031",,,,,"-2,131",,"-19,433","-16,949","-37,024",-44,,"-8,401","-40,171","-32,913",-484,"-30,515",-188,"-2,219","270,969","51,289","263,506","2,295",,0.89,2.04,0,"79,798","1,019",835,"81,653","42,900",19,"124,534","417,918","606,259",0.43,0.45
CISO,15Dec2025,Pacific,N,"591,635","639,316","417,578","-211,870",0,"215,558","52,689","1,101",,"47,941",,"85,599",,"22,906",,,,,"-8,219",,"-20,413","-19,435","-43,268",24,,"-8,651","-53,655","-33,156",-596,"-31,009",-125,"-1,586","289,957","56,362","290,582","2,418",,0.89,2.04,0,"87,314","1,016",933,"89,264","43,263",55,"132,472","461,909","673,779",0.43,0.43
CISO,16Dec2025,Pacific,N,"599,045","636,013","345,126","-224,336",0,"135,871","49,960","1,006","16,976","44,684",,"82,903",,"21,855",,,,,"-8,131",,"-35,585","-20,834","-43,722",-44,,"-9,286","-56,460","-33,592",-616,"-28,445","5,414","-1,162","286,039","56,635","290,971","2,365",,0.89,2.03,0,"55,010",,956,"56,896","47,782",829,"103,849","387,985","612,317",0.32,0.37
CISO,17Dec2025,Pacific,N,"583,131","625,608","344,997","-215,664",0,"120,426","27,043","1,104","17,525","44,419",,"83,494",,"60,868",,,,,"-9,876",,"-33,570","-25,789","-42,820",66,,"-9,739","-47,542","-31,828",-591,"-27,358","4,860","-1,350","273,972","55,720","293,580","2,336",,0.89,2.03,0,"48,720","1,015","1,008","50,744","43,644",703,"93,685","386,493","602,154",0.29,0.34
CISO,18Dec2025,Pacific,N,"594,351","609,397","357,328","-200,988",0,"139,799","27,861","1,103","17,637","54,733",,"70,943",,"38,791",,,,,"6,466",,"-39,386","-18,828","-28,301",105,,"-9,282","-44,588","-32,763",-523,"-29,974","4,486","-1,942","268,896","55,982","282,595","1,928",,0.89,2.03,0,"56,673","1,015",926,"58,614","48,072",768,"105,917","384,278","585,274",0.34,0.40
CISO,19Dec2025,Pacific,N,"573,566","612,072","367,453","-187,246",0,"110,822","50,895","1,011","17,655","51,614",,"86,412",,"60,819",,,,,"-11,779",,"-40,436","-16,415","-34,644",23,,"-9,056","-36,156","-28,135",-699,"-23,865","4,714","-2,577","274,720","55,847","279,306","2,202",,0.89,2.03,0,"44,908",930,"1,134","46,972","39,184",600,"85,556","409,839","597,085",0.25,0.32
CISO,20Dec2025,Pacific,N,"528,950","574,533","337,426","-167,742",0,"76,337","54,317",753,"17,656","51,672",,"86,275",,"52,520",,,,,"-2,105",,"-32,261","-16,044","-38,089",25,,"-9,109","-27,405","-27,304",-659,"-19,911","4,282","-1,270","258,410","54,391","259,591","2,142",,0.89,2.03,0,"30,919",692,"1,145","32,756","33,201",443,"65,515","378,024","545,769",0.19,0.26
CISO,21Dec2025,Pacific,N,"510,745","557,415","326,395","-165,162",0,"94,919","54,312","1,104","16,196","59,713",,"85,222",,"28,423",,,,,"-13,491",,"-34,028","-8,670","-29,651",223,,"-9,475","-33,391","-29,842",-546,"-20,576","3,334","-2,538","251,992","51,417","252,029","1,977",,0.89,2.03,0,"38,463","1,016","1,037","40,516","35,004",652,"74,868","368,619","533,779",0.24,0.31
CISO,22Dec2025,Pacific,N,"570,620","596,775","338,250","-198,678",0,"122,302","54,343","1,097","17,132","56,978",,"73,580",,"17,229",,,,,"-4,407",,"-39,971","-13,514","-37,542",139,,"-8,736","-37,784","-33,358",-626,"-25,975","2,100","-3,407","267,123","55,665","272,231","1,755",,0.90,2.03,0,"49,655","1,009",946,"51,610","42,334",555,"93,388","371,986","570,660",0.31,0.36
CISO,23Dec2025,Pacific,N,"590,995","600,046","350,783","-202,698",0,"161,971","54,331","1,102","17,629","58,256",,"32,545",,"25,189",,,,,-238,,"-39,140","-18,635","-34,623",-233,,"-6,692","-30,588","-35,986",-540,"-32,304",-50,"-3,915","264,434","59,613","274,315","1,684",,0.89,2.03,0,"65,598","1,014",785,"67,397","47,067",237,"114,226","369,441","572,147",0.40,0.44
CISO,24Dec2025,Pacific,N,"555,573","567,220","310,137","-217,076",0,"104,528","54,279","1,096","17,649","71,788",,"18,503",,"46,808",,,,,"-4,510",,"-41,053","-19,303","-37,932",-55,,"-6,763","-36,480","-35,503",-583,"-32,420","-1,752","-5,242","245,308","57,589","262,693","1,631",,0.89,2.03,0,"42,361","1,010",827,"44,197","48,768",33,"92,931","322,867","539,953",0.30,0.38
CISO,25Dec2025,Pacific,N,"521,546","525,983","290,186","-168,402",0,"62,060","54,255","1,045","17,683","49,634",,"60,908",,"64,248",,,,,"-19,645",,"-36,550","-7,743","-22,171",44,,"-8,612","-36,448","-33,623",-306,"-21,210","2,054","-3,834","241,720","49,724","232,558","1,986",,0.89,2.03,0,"25,177",963,997,"27,137","35,493",407,"62,222","325,077","493,476",0.18,0.28
CISO,26Dec2025,Pacific,N,"542,237","546,695","295,397","-205,065",0,"63,375","54,195","1,050","17,796","55,774",,"46,510",,"49,701",,,,,"6,988",,"-38,567","-15,858","-37,553",-18,,"-8,097","-46,492","-32,459",-592,"-23,598","1,914","-3,743","248,120","53,082","243,633","1,861",,0.89,2.04,0,"25,620",971,951,"27,542","38,878",274,"66,145","314,297","519,360",0.19,0.28
CISO,27Dec2025,Pacific,N,"492,010","543,294","326,758","-146,039",0,"48,863","54,153","1,098","17,924","54,365",,"88,776",,"57,225",,,,,"4,366",,"-32,917","-4,437","-25,477",74,,"-9,814","-32,925","-26,542",-534,"-18,519","6,629","-1,573","248,431","51,777","240,860","2,229",,0.89,2.04,0,"19,807","1,014","1,207","22,028","31,442",760,"52,710","367,172","513,207",0.13,0.23
CISO,28Dec2025,Pacific,N,"489,779","550,429","322,117","-153,801",0,"75,244","54,160","1,083","18,765","64,976",,"84,519",,"26,932",,,,,"-3,565",,"-36,793","-7,323","-19,929",-71,,"-9,620","-27,239","-32,125",-441,"-23,207","6,242","-3,294","248,043","52,150","247,978","2,258",,0.89,2.04,0,"30,520","1,000","1,107","32,628","35,865",791,"67,702","367,314","521,114",0.20,0.29
CISO,29Dec2025,Pacific,N,"551,845","583,555","374,746","-134,473",0,"112,231","54,186","1,095","18,777","75,806",,"98,469",,"28,619",,,,,"-14,446",,"-28,032","-10,032","-21,141",-74,,"-8,731","-16,800","-32,053",-433,"-21,159","6,808","-2,823","260,387","53,644","266,975","2,549",,0.89,2.03,0,"45,304","1,010","1,173","47,486","32,168",910,"78,744","421,430","555,900",0.25,0.31
CISO,30Dec2025,Pacific,N,"579,503","594,241","369,331","-184,054",0,"149,344","54,229","1,095","18,667","80,960",,"37,468",,"21,501",,,,,"6,071",,"-39,323","-17,587","-30,227",28,,"-6,685","-28,839","-32,825",-598,"-28,822","4,479","-3,657","272,964","56,016","263,106","2,157",,0.89,2.03,0,"60,358","1,009",882,"62,249","45,374",832,"106,790","382,152","566,208",0.36,0.42
CISO,31Dec2025,Pacific,N,"557,988","575,295","356,770","-186,086",0,"167,102","54,179","1,081","18,543","78,534",,"13,263",,"25,746",,,,,"-1,681",,"-40,617","-13,911","-26,532",-113,,"-5,188","-31,866","-33,121",-544,"-31,845","1,310","-3,658","267,390","55,911","249,771","2,222",,0.89,2.03,0,"67,549",997,759,"69,305","49,017",378,"117,944","367,612","553,697",0.42,0.47
